pmid,year,journal,doi,title,abstract
37598693,2023,The Lancet. Child & adolescent health,10.1016/S2352-4642(23)00166-9,Subgroups of children with Kawasaki disease: a data-driven cluster analysis.,"Although Kawasaki disease is commonly regarded as a single disease entity, variability in clinical manifestations and disease outcome has been recognised. We aimed to use a data-driven approach to identify clinical subgroups. We analysed clinical data from patients with Kawasaki disease diagnosed at Rady Children's Hospital (San Diego, CA, USA) between Jan 1, 2002, and June 30, 2022. Patients were grouped by hierarchical clustering on principal components with k-means parcellation based on 14 variables, including age at onset, ten laboratory test results, day of illness at the first intravenous immunoglobulin infusion, and normalised echocardiographic measures of coronary artery diameters at diagnosis. We also analysed the seasonality and Kawasaki disease incidence from 2002 to 2019 by subgroup. To explore the biological underpinnings of identified subgroups, we did differential abundance analysis on proteomic data of 6481 proteins from 32 patients with Kawasaki disease and 24 healthy children, using linear regression models that controlled for age and sex. Among 1016 patients with complete data in the final analysis, four subgroups were identified with distinct clinical features: (1) hepatobiliary involvement with elevated alanine transaminase, gamma-glutamyl transferase, and total bilirubin levels, lowest coronary artery aneurysm but highest intravenous immunoglobulin resistance rates (n=157); (2) highest band neutrophil count and Kawasaki disease shock rate (n=231); (3) cervical lymphadenopathy with high markers of inflammation (erythrocyte sedimentation rate, C-reactive protein, white blood cell, and platelet counts) and lowest age-adjusted haemoglobin Z scores (n=315); and (4) young age at onset with highest coronary artery aneurysm but lowest intravenous immunoglobulin resistance rates (n=313). The subgroups had distinct seasonal and incidence trajectories. In addition, the subgroups shared 211 differential abundance proteins while many proteins were unique to a subgroup. Our data-driven analysis provides insight into the heterogeneity of Kawasaki disease, and supports the existence of distinct subgroups with important implications for clinical management and research design and interpretation. US National Institutes of Health and the Irving and Francine Suknow Foundation."
27432657,2016,Handbook of clinical neurology,10.1016/B978-0-444-53485-9.00001-5,Computed tomography imaging and angiography - principles.,"The evaluation of patients with diverse neurologic disorders was forever changed in the summer of 1973, when the first commercial computed tomography (CT) scanners were introduced. Until then, the detection and characterization of intracranial or spinal lesions could only be inferred by limited spatial resolution radioisotope scans, or by the patterns of tissue and vascular displacement on invasive pneumoencaphalography and direct carotid puncture catheter arteriography. Even the earliest-generation CT scanners - which required tens of minutes for the acquisition and reconstruction of low-resolution images (128×128 matrix) - could, based on density, noninvasively distinguish infarct, hemorrhage, and other mass lesions with unprecedented accuracy. Iodinated, intravenous contrast added further sensitivity and specificity in regions of blood-brain barrier breakdown. The advent of rapid multidetector row CT scanning in the early 1990s created renewed enthusiasm for CT, with CT angiography largely replacing direct catheter angiography. More recently, iterative reconstruction postprocessing techniques have made possible high spatial resolution, reduced noise, very low radiation dose CT scanning. The speed, spatial resolution, contrast resolution, and low radiation dose capability of present-day scanners have also facilitated dual-energy imaging which, like magnetic resonance imaging, for the first time, has allowed tissue-specific CT imaging characterization of intracranial pathology."
20352587,2010,Seminars in neurology,10.1055/s-0030-1249226,Cluster headache: diagnosis and treatment.,"Cluster headache is a rare yet exquisitely painful primary headache disorder occurring in either episodic or chronic patterns. The unique feature of cluster headache is the distinctive circadian and circannual periodicity in the episodic forms. The attacks are stereotypic--they are of extreme intensity and short duration, occur unilaterally, and are associated with robust signs and symptoms of autonomic dysfunction. Although the pathophysiology of cluster headache remains to be fully understood, there have been a number of recent seminal observations. To exclude structural mimics, patients presenting with symptoms suggestive of cluster headache warrant at least a brain magnetic resonance imaging (MRI) scan in their work-up. The medical treatment of cluster headache includes acute, transitional, and maintenance prophylaxis. Agents used for acute therapy include inhalation of oxygen, triptans, such as sumatriptan, and dihydroergotamine. Transitional prophylaxis refers to the short-term use of fast-acting agents. This typically involves either corticosteroids or an occipital nerve block. The mainstay of prophylactic therapy is verapamil. Yet, other medications, including lithium, divalproex sodium, topiramate, methysergide, gabapentin, and even indomethacin, may be useful when the headache fails to respond to verapamil. For medically refractory patients, surgical interventions, occipital nerve stimulation, and deep brain stimulation remain an option. As the sophistication of functional neuroimaging increases, better insight into the pathophysiological mechanisms that underlie cluster headache is expected."
35249137,2022,European journal of applied physiology,10.1007/s00421-022-04907-5,Seasonal variation of right heart function in elite skiers-racers: an echocardiographic study.,"To examine seasonal variation of the right heart (RH) structure and function in elite skiers-racers. The same group of 16 male was recruited into the study in the period of preparation for national competitions. The study was carried out at the hospital in Sykyvkar, the European North of Russia, which is located near 62° NL and 51° EL. The winter resting echocardiography study was performed in December 2017 (with the average temperature of - 7.8 °C) and the summer resting echocardiography study was performed in July 2018 (with the average temperature of + 23.8 °C). No significant difference was seen between the right atrium and ventricle dimensions in diastole in winter and summer (P > 0.05). In December both early diastolic peak filling velocity of the right ventricle (RV) and late atrial diastolic peak filling velocity of the RV were greater than that measured in July: 65 ± 7 vs. 56 ± 6 cm/s and 40 ± 6 vs. 34 ± 3 cm/s, respectively (P < 0.05). It was found out that blood flow ejection time at the root of pulmonary artery in winter was greater than in summer: 371 ± 27 vs. 345 ± 27 ms, respectively (P < 0.05). Regurgitation of blood flow in the tricuspid valve (from 1 to 1.5 grade or mild/moderate) was observed in all of the sixteen skiers studied. The right heart functional adaptation to cold occurs in elite skiers-racers. The right heart intracardiac hemodynamics increased in winter time."
34558256,2021,Annals of agricultural and environmental medicine : AAEM,10.26444/aaem/127062,Correlation between vitamin D and alterations in MRI among patients with multiple sclerosis.,"Multiple sclerosis (MS) is a disease of unknown etiology. Diagnosis of MS is primarily based on detection of myelin damage by magnetic resonance imaging (MRI) and classification of demyelination according to the McDonald Criteria. Cholecalciferol (vitamin D3) has been shown to affect the onset and progression of MS via its immunomodulating properties. The role of vitamin D in MS pathogenesis and treatment deserves further investigation, as there is sufficient evidence to suggest a correlation between vitamin D blood level and brain MRI lesion load. Elevated blood vitamin D concentration is linked with demyelination, as determined by T2-weighted and gadolinium-enhanced MRI. Blood vitamin D blood levels are affected by sun exposure, among other factors; however, there is no evident connection between abnormalities in myelination and seasonality. Vitamin D supplementation among MS patients has been associated with a lower probability of new lesions and loss of existing lesion volume, as observed seen in T1-weighted MRI scans (p=0.03). An increase in TGF-beta levels was noted among patients using vitamin D supplementation, which may suggest a mechanism by which cholecalciferol may improve MS prognosis. Patients with clinically isolated syndrome (CIS) exhibited an inverse correlation between vitamin D concentration and risk of new lesions as seen in T2-weighted MRI scans. Moreover, vitamin D intake among these patients lowered the risk of progression to clinically definite multiple sclerosis (CDMS). Daily intake of vitamin D during fingolimod treatment correlated strongly with lower numbers of new lesions. High dose vitamin D supplementation during interferon beta-1a treatment was linked to lower mean percentage of lesions compared with volume pre-treatment seen by T2-weighted MRI. Recent findings advocate for the monitoring of vitamin D blood levels in MS patients. Vitamin D supplementation should be considered in both MS patients and patients with CIS, where other signs of disease may be delayed. Moreover, vitamin D supplementation appears to lower the likelihood of new demyelination changes apparent in MRI examinations."
1855409,1991,Ciba Foundation symposium,10.1002/9780470514047.ch10,Fetal brain development and later schizophrenia.,"Computed tomography and magnetic resonance imaging studies have shown cerebral ventricular enlargement and a decreased volume of temporal lobe structures in a proportion of schizophrenic patients. Neuropathological investigations confirm these findings and also show diminished volume of the hippocampus and abnormal pre-alpha cell clusters in the parahippocampal gyrus. Compared with controls, schizophrenic patients are more likely to have minor physical anomalies, to have a history of obstetric complications, and to have been born in the late winter. Together the evidence regarding structural brain abnormalities and epidemiology suggests that a significant proportion of cases of schizophrenia have their origins in fetal or neonatal life. The mechanisms involved in the aberrant neurodevelopment remain obscure but some impairment of neuronal migration is an appealing hypothesis."
36205783,2022,"Journal of neural transmission (Vienna, Austria : 1996)",10.1007/s00702-022-02544-y,Obsessive-compulsive symptoms in ACTG1-associated Baraitser-Winter cerebrofrontofacial syndrome.,"Symptoms of obsessive-compulsive disorder (OCD) may rarely occur in the context of genetic syndromes. So far, an association between obsessive-compulsive symptoms (OCS) and ACTG1-associated Baraitser-Winter cerebrofrontofacial syndrome has not been described as yet. A thoroughly phenotyped patient with OCS and ACTG1-associated Baraitser-Winter cerebrofrontofacial syndrome is presented. The 25-year-old male patient was admitted to in-patient psychiatric care due to OCD. A whole-exome sequencing analysis was initiated as the patient also showed an autistic personality structure, below average intelligence measures, craniofacial dysmorphia signs, sensorineural hearing loss, and sinus cavernoma as well as subtle cardiac and ophthalmological alterations. The diagnosis of Baraitser-Winter cerebrofrontofacial syndrome type 2 was confirmed by the detection of a heterozygous likely pathogenic variant in the ACTG1 gene [c.1003C > T; p.(Arg335Cys), ACMG class 4]. The automated analysis of magnetic resonance imaging (MRI) revealed changes in the orbitofrontal, parietal, and occipital cortex of both sides and in the right mesiotemporal cortex. Electroencephalography (EEG) revealed intermittent rhythmic delta activity in the occipital and right temporal areas. Right mesiotemporal MRI and EEG alterations could be caused by a small brain parenchymal defect with hemosiderin deposits after a cavernomectomy. This paradigmatic case provides evidence of syndromic OCS in ACTG1-associated Baraitser-Winter cerebrofrontofacial syndrome. The MRI findings are compatible with a dysfunction of the cortico-striato-thalamo-cortical loops involved in OCD. If a common pathophysiology is confirmed in future studies, corresponding patients with Baraitser-Winter cerebrofrontofacial syndrome type 2 should be screened for OCS. The association may also contribute to a better understanding of OCD pathophysiology."
30541113,2019,European heart journal. Cardiovascular Imaging,10.1093/ehjci/jey196,University athletes and changes in cardiac geometry: insight from the 2015 Gwangju Summer Universiade.,"There is a paucity of data regarding the changes of cardiac geometry in highly trained international and multiracial university athletes. We aimed to investigate the incidence of structural cardiac abnormalities and changes of cardiac geometry in highly trained university athletes. Comprehensive echocardiographic studies were performed in 1185 university athletes through the Check-up Your Heart Program during the 2015 Gwangju Summer Universiade. Participants were divided into two groups: normal vs. abnormal left ventricular (LV) geometry (concentric remodelling, concentric hypertrophy, or eccentric hypertrophy). Structural heart diseases associated with sudden cardiac death were not identified, but minor structural cardiac abnormalities were common in university athletes. One hundred and fifty-six athletes (13.2%) had abnormal LV geometry; concentric remodelling (n = 73, 6.2%), concentric hypertrophy (n = 25, 2.1%), and eccentric hypertrophy (n = 58, 4.9%). Abnormal LV geometry was significantly more common in athletes of African descent and in endurance, mixed, or power disciplines. In multivariate logistic regression analysis, athletes of African descent [odds ratio (OR) 2.16, 95% confidence interval (CI) 1.34-3.46; P = 0.001], endurance disciplines (OR 1.79, 95% CI 1.26-2.54; P = 0.001), and training time (OR 1.01, 95% CI 1.00-1.02; P = 0.045) were independent predictors of abnormal LV geometry. A large scale cardiovascular screening programme of the 2015 Summer Universiade demonstrated that abnormal LV geometry is not uncommon (13.2%) and concentric remodelling is the most common pattern of LV geometric change in young trained university athletes. Race, type of sport, and training time are significant predictors of abnormal LV geometry. Structural cardiac abnormalities are common in university athletes even though they are minor abnormalities."
28591795,2018,"Cerebral cortex (New York, N.Y. : 1991)",10.1093/cercor/bhx131,Socioeconomic Status and Reading Disability: Neuroanatomy and Plasticity in Response to Intervention.,"Although reading disability (RD) and socioeconomic status (SES) are independently associated with variation in reading ability and brain structure/function, the joint influence of SES and RD on neuroanatomy and/or response to intervention is unknown. In total, 65 children with RD (ages 6-9) with diverse SES were assigned to an intensive, 6-week summer reading intervention (n = 40) or to a waiting-list control group (n = 25). Before and after, all children completed standardized reading assessments and magnetic resonance imaging to measure cortical thickness. At baseline, higher SES correlated with greater vocabulary and greater cortical thickness in bilateral perisylvian and supramarginal regions-especially in left pars opercularis. Within the intervention group, lower SES was associated with both greater reading improvement and greater cortical thickening across broad, bilateral occipitotemporal and temporoparietal regions following the intervention. Additionally, treatment responders (n = 20), compared with treatment nonresponders (n = 19), exhibited significantly greater cortical thickening within similar regions. The waiting control and nonresponder groups exhibited developmentally typical, nonsignificant cortical thinning during this time period. These findings indicate that effective summer reading intervention is coupled with cortical growth, and is especially beneficial for children with RD who come from lower-SES home environments."
29329062,2018,Journal of affective disorders,10.1016/j.jad.2017.12.097,Amygdala response to emotional faces in seasonal affective disorder.,"Seasonal affective disorder (SAD) is characterized by seasonally recurring depression. Heightened amygdala activation to aversive stimuli is associated with major depressive disorder but its relation to SAD is unclear. We evaluated seasonal variation in amygdala activation in SAD and healthy controls (HC) using a longitudinal design targeting the asymptomatic/symptomatic phases of SAD. We hypothesized increased amygdala activation to aversive stimuli in the winter in SAD individuals (season-by-group interaction). Seventeen SAD individuals and 15 HCs completed an implicit emotional faces BOLD-fMRI paradigm during summer and winter. We computed amygdala activation (SPM5) to an aversive contrast (angry & fearful minus neutral) and angry, fearful and neutral faces, separately. Season-by-group and main effects were evaluated using Generalized Least Squares. In SAD individuals, we correlated change in symptom severity, assessed with The Hamilton Rating Scale for Depression - Seasonal Affective Disorder version (SIGH-SAD), with change in amygdala activation. We found no season-by-group, season or group effect on our aversive contrast. Independent of season, SAD individuals showed significantly lower amygdala activation to all faces compared to healthy controls, with no evidence for a season-by-group interaction. Seasonal change in amygdala activation was unrelated to change in SIGH-SAD. Small sample size, lack of positive valence stimuli. Amygdala activation to aversive faces is not increased in symptomatic SAD individuals. Instead, we observed decreased amygdala activation across faces, independent of season. Our findings suggest that amygdala activation to angry, fearful and neutral faces is altered in SAD individuals, independent of the presence of depressive symptoms."
32340688,2020,Journal of the American Academy of Child and Adolescent Psychiatry,10.1016/j.jaac.2019.09.029,A Case of Clinical Scholarship.,"A 32-year-old child and adolescent psychiatry resident with a history of presenting an abstract at a local psychiatric conference during residency and fourth authorship on an immunotherapy paper from a summer internship during medical school presents with a new-onset desire to write a case report. She has just come off her consultation liaison rotation, during which she consulted on a 12-year-old boy with attention-deficit/hyperactivity disorder, oppositional defiant disorder, disruptive mood dysregulation disorder, and low depressive state hospitalized for pseudoseizures, a new-onset inability to walk, and aggressive outbursts. He had a negative magnetic resonance imaging scan, negative computed tomography scan, negative laboratory test results, and an unremarkable lumbar puncture. Based on an equivocal electroencephalogram, a neurology resident decided to prescribe a mood stabilizer, obtained it himself from the pharmacy, and administered it to the patient intravenously, only then realizing that it was six times the intended loading dose. Before anybody could stop him, the resident erased all documentation about the medication and fled the city. Nevertheless, that afternoon, before the error and fraud were caught by a pharmacist and before the child and his family were notified, the child's symptoms appeared to resolve and the child walked comfortably for the first time in months. The child and adolescent psychiatry resident is tentatively titling the case report, ""Resolution of Conversion Disorder With a Megadose of Unknown Mood Stabilizer."""
35948918,2022,BMC musculoskeletal disorders,10.1186/s12891-022-05725-8,"Imaging-detected bone stress injuries at the Tokyo 2020 summer Olympics: epidemiology, injury onset, and competition withdrawal rate.","Prevention and early detection of injuries are essential in optimising sport participation and performance. The aim of this study is to investigate the epidemiology, athlete injury history, and competition withdrawal rate of imaging-detected bone stress injuries during the Tokyo 2020 Olympic Games. We collected and analysed imaging and clinical information in athletes with bone stress injuries diagnosed in the Olympic Village polyclinic during the Games. Two physicians independently and retrospectively reviewed all imaging examinations of bone stress injuries. A total of 11,315 individual athletes from 206 National Olympic Committees competed at the Games, during which 567 MRIs and 352 X-rays were performed at the Olympic Village polyclinic. Radiology examinations revealed four stress fractures and 38 stress reactions in 29 athletes (median age 24 years, range 18-35 years). Of these, 72% of athletes (n = 21) had symptoms before entering the Olympic Village. Bone stress injuries were most common in women (55%), the lower extremities (66%), and track and field athletes (45%). Six athletes (21%) did not start or did not finish their competitions. This study revealed 42 imaging-detected bone stress injuries in the polyclinic of the Tokyo 2020 Olympic Village. The high proportion of athletes with symptoms before entering the village and the high proportion of competition withdrawals suggests the usefulness of an early MRI examination."
33157996,2020,Medicine,10.1097/MD.0000000000023144,Sport disciplines and cardiac remodeling in elite university athletes competing in 2017 Taipei Summer Universiade.,"Cardiac remodeling is common in the athletes. Little data is available regarding the cardiac remodeling on the recently proposed 4 sport disciplines among the elite university athletes.A total of 7639 athletes participated in the 2017 Taipei Summer Universiade. Cardiac evaluation via history, ECG, and echocardiography were performed in 826 athletes who signed up for Check Up Your Heart. Athletes were grouped into one of 4 sport disciplines Skill, Power, Mixed, and Endurance.After excluding 66 participants with missing demographic data, 13 missing echocardiographic data, and 24 inadequate echocardiographic images, a total number of 723 university athletes (mean age 23 ± 3 years, 419 males) from 99 countries engaging in 25 different sporting events were analyzed. Electrocardiograms showed that Endurance group had a slower heart rate and higher percentage of left ventricular (LV) hypertrophy (39%). Echocardiograms showed there were significant differences in LV mass index (P < .001), LV geometry (P < .001), left atrial (LA) dilatation (P = .026), right ventricular (RV) dilatation (P < .001), right atrial (RA) dilatation (P < .0001), and tricuspid annular plane systolic excurse (P = .006). LV ejection fraction, LV strain, RV strain, and LV diastolic function showed no difference in 4 sport disciplines.Eccentric LV hypertrophy was the most common type of cardiac remodeling in the university athletes participated in 2017 Taipei Summer Universiade. Adaptive changes in chamber size were more commonly seen in Endurance sport. RA dilatation was the most sensitive to hemodynamic demand, followed by RV dilatation, LA dilatation, and LV dilatation."
39379864,2024,BMC pediatrics,10.1186/s12887-024-05115-0,Kawasaki disease before and during the COVID-19 pandemic: a single-center comparative study in Switzerland.,"Kawasaki disease is a rare systemic inflammatory syndrome that mainly affects children under five years of age and is the first cause of pediatric acquired cardiovascular disease. The pathogenesis is complex and a viral trigger is suspected, as well as genetic susceptibility. Multiple studies around the world have shown a decrease in the incidence of Kawasaki disease and have hypothesized that the different sanitary measures enforced in each country during the pandemic period could be responsible to a certain extent. The aim of this study is to evaluate the effects of the COVID-19 pandemic on the disease's incidence, defining characteristics, coronary artery outcomes and management in a tertiary center in Switzerland. This study is a retrospective analysis of children who have been diagnosed with Kawasaki disease that compares clinical, laboratory, SARS-CoV-2 exposure, and echocardiographic data as well as treatments before (January 1st 2017 to February 24th 2020) and during (February 25th 2020 to December 31st 2022) the COVID-19 pandemic in Switzerland. Statistical significance of differences in the compared parameters was assessed. Of the 90 patients included, 31 belonged to the first group and 59 belonged to the second group. There was a statistically significant (p < 0.05) increase in incidence during the pandemic period (5.91/100,000 children) of 88% compared to the pre-pandemic period (3.14/100,000 children). A lesser seasonal variation was observed during the pandemic. 30% of the patients in the pandemic group had an exposure to SARS-CoV-2. There was no other notable difference in demographic factors, clinical presentation, coronary outcome or administered treatment. To the best of our knowledge, this is the first prolonged European study comparing Kawasaki disease before and during the COVID-19 pandemic. There was a significant increase in incidence in Kawasaki disease during the COVID-19 pandemic. In contrast, studies done in Japan, South Korea and the USA have shown a decrease in incidence. Differences in methodologies, genetics, ethnicities, environments, microbiome-altering behaviors, sanitary measures and SARS-CoV-2 spread are factors that should be considered. Further studies analyzing the differences between countries with increased incidence of Kawasaki disease could help better understand the relevance of such factors and provide more insight into the etiologies of this particular disease."
16315118,2005,Seminars in musculoskeletal radiology,10.1055/s-2005-923380,MRI of snow skiing and snowboarding injuries.,"Snow skiing has been called ""the world's oldest sport,"" ""the fastest non-motorized sport on Earth,"" and ""the riskiest sport undertaken by adults on a routine basis."" This article discusses the common mechanisms for orthopedic injuries occurring in two of the most popular winter sports in the world that have a reputation for an inherently high risk of injury: alpine skiing and snowboarding. The emphasis herein is on magnetic resonance imaging of characteristic injuries in skiers (knee, thumb, shoulder) and in snowboarders (wrist, forearm, ankle). Spine injuries in snowboarders and skiers are also discussed."
33447378,2020,F1000Research,10.12688/f1000research.24544.1,A new virtue of phantom MRI data: explaining variance in human participant data.,"Background: Magnetic resonance imaging (MRI) is an important yet complex data acquisition technology for studying the brain. MRI signals can be affected by many factors and many sources of variance are often simply attributed to ""noise"". Unexplained variance in MRI data hinders the statistical power of MRI studies and affects their reproducibility. We hypothesized that it would be possible to use phantom data as a proxy of scanner characteristics with a simplistic model of seasonal variation to explain some variance in human MRI data. Methods: We used MRI data from human participants collected in several studies, as well as phantom data collected weekly for scanner quality assurance (QA) purposes. From phantom data we identified the variables most likely to explain variance in acquired data and assessed their statistical significance by using them to model signal-to-noise ratio (SNR), a fundamental MRI QA metric. We then included phantom data SNR in the models of morphometric measures obtained from human anatomical MRI data from the same scanner. Results: Phantom SNR and seasonal variation, after multiple comparisons correction, were statistically significant predictors of the volume of gray brain matter. However, a sweep over 16 other brain matter areas and types revealed no statistically significant predictors among phantom SNR or seasonal variables after multiple comparison correction. Conclusions: Seasonal variation and phantom SNR may be important factors to account for in MRI studies. Our results show weak support that seasonal variations are primarily caused by biological human factors instead of scanner performance variation. The phantom QA metric and scanning parameters are useful for more than just QA. Using QA metrics, scanning parameters, and seasonal variation data can help account for some variance in MRI studies, thus making them more powerful and reproducible."
32366339,2020,Cardiology in the young,10.1017/S1047951120000621,Aetiological evaluation of chest pain in childhood and adolescence.,"Chest pain, as a common cause of hospital admissions in childhood, necessitates detailed investigations due to a wide range of differential diagnoses. In this study, we aimed to determine the distribution of diseases causing chest pain in children and investigate the clinical characteristics of children with chest pain. This study included 782 patients aged between 3 and 18 years who presented to a paediatric cardiology outpatient clinic with chest pain between April 2017 and March 2018. Aetiological causes and demographic features of the patients were analysed. Most prevalent causes of chest pain were musculoskeletal system (33%) and psychogenic (28.4%) causes. Chest pain due to cardiac reasons was seen in eight patients (1%). Diseases of musculoskeletal and gastrointestinal systems and psychogenic disorders were significantly more common in male and female patients, respectively (p < 0.001 for all). In winter, patients' age and the number of patients with ≥12 years were higher than those in other seasons (p < 0.001). Most of the parents (70.8%) and patients (90.2%) thought that chest pain in their children was caused by cardiac causes. Most of the diagnoses for chest pain in childhood period are benign and include the musculoskeletal system and psychogenic diseases. Although chest pain due to cardiac diseases is rare, a comprehensive analysis of medical history, detailed physical examination and cardiac imaging with echocardiography is needed to reach more accurate diagnoses."
18373019,2008,"Revista brasileira de psiquiatria (Sao Paulo, Brazil : 1999)",10.1590/s1516-44462008000100010,Pituitary volume and the effects of phototherapy in patients with seasonal winter depression: a controlled study.,"Our aims were to investigate the pituitary volume in patients with seasonal winter depression and healthy volunteers in winter and summer, and to assess the effects of phototherapy in these patients. The pituitary volume of 12 patients with winter depression and 12 healthy controls, paired according gender, age and menstrual cycle, were obtained from magnetic resonance imaging in winter and summer. Eight patients were submitted to phototherapy (10000 vs. 2500 lux) in a double-blind crossover fashion during the winter, and reassessed (symptoms and magnetic resonance imaging) after treatment. There were no significant differences in pituitary volume between controls and patients in winter or summer. Exposure to phototherapy (10000 lux) decreased the depressive symptoms (p = 0.004), but the glandular volume did not change (p = 0.5). However, the pituitary volume in winter showed a positive correlation with the severity of depression in these patients (r = 0.69, p = 0.04). The results suggest that neither winter depression nor the change of seasons is associated with significant change in the pituitary volume. Despite the fact that this study was performed in a tropical area, phototherapy with 10000 lux showed to be an efficient treatment in this SAD patients sample."
37996873,2023,BMC health services research,10.1186/s12913-023-10284-2,Variations in wait times for imaging services: a register-based study of self-reported wait times for specific examinations in Norway.,"While the number of medical images has increased substantially, the demand has outpaced access, resulting in long wait times in many countries. Long wait times are a key problem for patient safety and quality of care as they can result in prolonged suffering, delayed diagnosis and treatment, as well as poorer prognosis and loss of lives. Surprisingly, little is known about wait times for imaging services. Investigate wait times for specific imaging services in Norway and to compare wait times with the total number of examinations and their development over time. Data from the wait time registry at the Norwegian Directorate of Health from 2018 to 2021 as well as data on outpatient imaging provided by the Norwegian Health Economics Administration (HELFO) and in-patient data afforded by fourteen hospital trusts and hospitals in Norway were analysed. Data include the total number of imaging examinations according to the Norwegian Classification of Radiological Procedures (NCRP). Analyses were performed with descriptive statistics. Wait times vary through the months of the year. Conventional X-ray (XR) had the shortest wait times (3.0-4.4 weeks), and Magnetic Resonance Imaging (MRI) and ultrasound (US) had the lengthiest (8.7-12.0 and 7.9-11.4 weeks respectively). The wait times were lengthiest during the summer and winter holidays. Variations in wait times were also found for specific examination types between Norway's four public health regions. In addition, there was variation over time within the health regions. The wait times with the private health providers were substantially lower than with the public health providers. From 2018 to 2021, the wait time for MRIs increased by 6.6%, while the number of examinations (per 10,000) increased by 8.6%. Those regions with the highest number of examinations per 1,000 inhabitants per year had the lowest wait times. Wait times for diagnostic imaging procedures varied with time, region, and modality in Norway from 2018 to 2021. Long wait times may entail many negative consequences for patients, professionals, and the healthcare system. Reducing long wait times is an obvious way to improve the quality, safety, and efficiency of care."
31150507,2019,PloS one,10.1371/journal.pone.0217856,"Performance and cardiac evaluation before and after a 3-week training camp for 400-meter sprinters - An observational, non-randomized study.","To study the performance and cardiovascular function after a 3-week training camp in athletes competing in an anaerobically dominant sport. Twenty-three competitive 400-m athletes were enrolled in this non-randomized study, 17 took part in a 3-week training camp in South-Africa (intervention), but one declined follow-up assessment, while 6 pursued in-door winter training in Sweden and served as controls. Electrocardiography, transthoracic echocardiography, blood test analyses, maximal exercise tolerance test, and a 300-m sprint test with lactate measurements ([La]peak) were performed before and after the training camp period. At baseline, there were no clinically significant pathological findings in any measurements. The training period resulted in improved 300m-sprint performance [n = 16; running time 36.71 (1.39) vs. 35.98 (1.13) s; p<0.01] and higher peak lactate values. Despite 48% more training sessions than performed on home ground (n = 6), myocardial biomarkers decreased significantly (NT-pro BNP -38%; p<0.05, troponin T -16%; p<0.05). Furthermore, resting heart rate (-7%; p<0.01) and left ventricular systolic and diastolic volumes decreased -6% (p<0.01) and -10% (p<0.05), respectively. Intense physical activity at training camp improved the performance level, likely due to improved anaerobic capacity indicated by higher [La]peak. There were no clinically significant adverse cardiac changes after this period of predominantly anaerobic training."
29556858,2018,Current pain and headache reports,10.1007/s11916-018-0684-6,Cyclic Vomiting Syndrome in Children.,"Cyclic vomiting syndrome (CVS) is a misrecognized and probably underdiagnosed episodic syndrome associated with migraine, occurring preferentially in childhood. Attacks are stereotyped for each individual, with predictable periodicity. This review summarizes recent clinical and paraclinical observations in this syndrome, and current approaches in explorations and therapeutics. Clinical phenotype during prodromal, vomiting, and recovery phases contains visceral and neuropsychological symptoms, but also cranial and systemic symptoms. Some clinical arguments as circadian or circannual periodicity suggest a chronobiological disease. Red flags in clinical presentation are proposed to distinguish other etiologies of recurrent gastrointestinal disturbances and guide paraclinical explorations. Functional magnetic resonance imaging in both CVS and migraine displayed diminished insular connectivity with the sensorimotor network, suggesting a common pathophysiology. Pathophysiology of CVS is not well defined, and there is probably a multifactorial origin. Distinction with other differential diagnoses is a challenge for clinicians. Further research, in particular with functional imaging, are required to define pathophysiology of CVS. Control trials are missing in pediatric population. Injectable or intranasal sumatriptan are often effective. For prophylaxis, amitriptyline, cyproheptadine, or propranolol are the most common treatments, depending on age and comorbidities. Non-pharmacologic measures as lifestyle modification also seem to be effective as preventive treatment."
37690160,2023,Psychiatry research. Neuroimaging,10.1016/j.pscychresns.2023.111714,Birth season and gross brain morphology associated with early neurodevelopment in schizophrenia spectrum patients and healthy subjects.,"This MRI study examined the effects of birth seasons on gross brain characteristics, such as the prevalence/size of midline brain structures (cavum septi pellucidi and adhesio interthalamica), orbitofrontal surface morphology, and insular gross anatomy, in 135 patients with schizophrenia, 47 with schizotypal disorder, and 88 healthy controls. Birth seasons only affected the insular anatomy. Summer-born subjects (N = 110) were characterized by more developed left insular gyri than winter-born subjects; however, this effect had no diagnostic specificity. The present results do not support birth seasons affecting the neurodevelopmental pathology of schizophrenia spectrum."
36149276,2022,European journal of endocrinology,10.1530/EJE-22-0130,"A larger brown fat volume and lower radiodensity are related to a greater cardiometabolic risk, especially in young men.","Brown adipose tissue (BAT) is important in the maintenance of cardiometabolic health in rodents. Recent reports appear to suggest the same in humans, although if this is true remains elusive partly because of the methodological bias that affected previous research. This cross-sectional work reports the relationships of cold-induced BAT volume, activity (peak standardized uptake, SUVpeak), and mean radiodensity (an inverse proxy of the triacylglycerols content) with the cardiometabolic and inflammatory profile of 131 young adults, and how these relationships are influenced by sex and body weight. This is a cross-sectional study. Subjects underwent personalized cold exposure for 2 h to activate BAT, followed by static 18F-fluorodeoxyglucose PET-CT scanning to determine BAT variables. Information on cardiometabolic risk (CMR) and inflammatory markers was gathered, and a CMR score and fatty liver index (FLI) were calculated. In men, BAT volume was positively related to homocysteine and liver damage markers concentrations (independently of BMI and seasonality) and the FLI (all P ≤ 0.05). In men, BAT mean radiodensity was negatively related to the glucose and insulin concentrations, alanine aminotransferase activity, insulin resistance, total cholesterol/HDL-C, LDL-C/HDL-C, the CMR score, and the FLI (all P ≤ 0.02). In women, it was only negatively related to the FLI (P < 0.001). These associations were driven by the results for the overweight and obese subjects. No relationship was seen between BAT and inflammatory markers (P > 0.05). A larger BAT volume and a lower BAT mean radiodensity are related to a higher CMR, especially in young men, which may support that BAT acts as a compensatory organ in states of metabolic disruption."
26693482,2015,BioMed research international,10.1155/2015/482017,Quantitative Evaluation of Growth Plates around the Knees of Adolescent Soccer Players by Diffusion-Weighted Magnetic Resonance Imaging.,"To quantitatively evaluate growth plates around the knees in adolescent soccer players utilizing the diffusion-weighted MR imaging (DWI). The knees and adjacent growth plates of eleven 14-year-old male soccer players were evaluated by MRI before (end of season's summer break) and after two months of intense soccer training. MRI evaluation was conducted in coronal plane by PD-FSE and DWI. All images were screened for any major pathological changes. Later, central growth plate surface area (CGPSA) was measured and the apparent diffusion coefficient (ADC) values were calculated in two most central coronal slices divided into four regions: distal femur medial (DFM), distal femur lateral (DFL), proximal tibia medial (PTM), and proximal tibia lateral (PTL). No gross pathology was diagnosed on MRI. CGPSA was not significantly reduced: DFM 278 versus 272, DFL 265 versus 261, PTM 193 versus 192, and PTL 214 versus 210. ADC decrease was statistically significant only for PTM: DFM 1.27 versus 1.22, DFL 1.37 versus 1.34, PTM 1.13 versus 1.03 (p = 0.003), and PTL 1.28 versus 1.22. DWI measurements indicate increased cellularity in growth plates around knees in footballers most prominent in PTM after intense training. No detectable differences on a standard PD-FSE sequence were observed."
40763602,2025,The American journal of emergency medicine,10.1016/j.ajem.2025.07.061,Accuracy of cath lab activation decisions for STEMI-equivalent and mimic ECGs: Physicians vs. AI (Queen of Hearts by PMcardio).,"Accurate ECG interpretation is crucial to identify occlusive myocardial infarction (OMI) to determine the need for immediate catheterization laboratory activation (CLA). STEMI-equivalent and STEMI-mimic ECG patterns deviate from conventional STEMI criteria, risking misclassification of OMI cases. The diagnostic accuracy for these complex ECGs is unknown. This study aimed to measure physician accuracy for interpreting STEMI-equivalent and STEMI-mimic ECGs for catheterization laboratory activation (CLA) and compare their performance to a machine learning-based artificial intelligence algorithm, Queen of Hearts AI (QoH AI). Fifty-three EPs and 42 cardiologists interpreted 18 ECGs (eight STEMI-equivalents, eight STEMI-mimics, with one STEMI, and a normal ECG as controls) to determine the presence of OMI requiring immediate CLA. The same ECGs were analyzed by QoH AI. Interpretations were compared against a reference standard based on angiography, troponin, echocardiography, and clinical follow-up. Interpretation accuracies were similar between EPs and cardiologists (65.6 %, 95 % CI [51, 78]; 65.5 %, 95 % CI [51, 77], respectively; p = 0.969), and significantly lower than QoH AI (88.9 %, 95 % CI [82, 93]) vs. physicians overall, 65.6 %, 95 % CI [52, 77]; p < 0.001). Physicians most frequently misclassified de Winter, Transient STEMI, Hyperacute T-wave OMI, and bundle branch block ECGs. QoH AI only misclassified left bundle branch block with OMI and left ventricular aneurysm without OMI. Physicians frequently misinterpret STEMI-equivalent and STEMI-mimic ECGs, potentially impacting CLA decisions. QoH AI demonstrated superior accuracy, suggesting a potential to reduce missed OMIs and unnecessary catheterization laboratory activations. Prospective studies are needed to validate these findings in clinical practice."
31401426,2019,Multiple sclerosis and related disorders,10.1016/j.msard.2019.08.007,The clinical spectrum and prognosis of idiopathic acute optic neuritis: A longitudinal study in Southern Finland.,"To analyse in a population-based setting the clinical features, prognostic factors, and seasonality of patients diagnosed with acute idiopathic optic neuritis (ON). Retrospective analysis of ophthalmological records, laboratory parameters, and magnetic resonance imaging (MRI) of patients with symptoms suggestive of ON referred to the Helsinki University Hospital (serving a population of 1.53 million in Southern Finland) were analysed between May 1, 2008 and April 14, 2012. Of the 291 patients with suspected ON, 184 (63%) were diagnosed with ON (mean age 34 years, 76% females). Intravenous methylprednisolone treatment was administered in 131 (71%) patients. First ON was diagnosed in 123 patients (67%), 55 (30%) had a previous diagnosis of multiple sclerosis (MS) and two patients with their first ON were diagnosed with neuromyelitis optica. Evolution of best corrected visual acuity (BCVA) was analysed in 132 (72%) patients, who were reviewed median of 38 days after onset. Median and mean BCVAs in these reviewed patients were 0.4 and 0.2 at the time of diagnosis and 1.0 and 0.5 at the time of the review. Recovery was relatively good in the majority of patients; 82% (n = 108) had reached BCVA of ≥0.5 and 70% (n = 92) and BCVA of ≥0.8 at the time of the review, while thirteen (10%) had poor prognosis, BCVA ≤0.1 at review. Accessory clinical features included optic disc swelling (21%), colour vision impairment (75%), and pain with eye movements (65%). Relative afferent pupillary defect was abnormal in 76% of the patients with their first ON. Baseline visual acuity was most strongly associated with visual outcome at review (P < 0.001, linear regression). Optic disc swelling and the presence of lesions in the optic nerve on MRI had a more modest association with poorer recovery (P = 0.033 and P = 0.049, respectively), while age, sex, previous history of ON, and previous diagnosis of multiple sclerosis were not associated with outcome at review. Incidence of ON showed a clear seasonal pattern; there were two times more cases in April to June versus October to December (P = 0.03), confirming previous results from Sweden. Our data suggest that besides baseline visual acuity, optic disc swelling and lesions in the optic nerve on MRI are associated with poorer prognosis. As in previous studies, we observed that diagnostics of ON is difficult, accessory clinical findings such as pain and RAPD are not always present. Although the diagnosis of ON is clinical, the role of MRI should be considered in differential diagnostics and in defining potential prognostic markers."
16413210,2006,Osteoarthritis and cartilage,10.1016/j.joca.2005.11.014,Associations among preoperative MRI features and functional status following arthroscopic partial meniscectomy.,"Arthroscopic partial meniscectomy (APM) is the most frequently performed orthopedic procedure. Functional outcomes of APM are variable, particularly among patients with underlying knee osteoarthritis. While most patients undergoing APM have knee magnetic resonance imaging (MRI) performed preoperatively, the prognostic value of knee MRI in predicting the functional outcomes of APM has not been evaluated. We studied patients who had APM performed by one of five participating surgeons at one institution in 2002. The preoperative MRI scans of these patients were assessed using a standardized rating system by an independent observer who was not involved in the care of the patients and who was blinded to patient outcomes. Patients completed a questionnaire in the summer of 2003, 6-18 months postoperatively. The questionnaire included the Knee Injury and Osteoarthritis Outcome Score (KOOS) and items on satisfaction with the results of surgery. We used bivariate and multivariate techniques to evaluate the associations between MRI findings, other preoperative findings, and the functional status and pain scales of the KOOS. Eighty-three patients were included in the analyses. The outcome of surgery was variable with average KOOS functional score of 77 and range of 15-100. One-quarter of patients were somewhat or very dissatisfied with the results of surgery and 17% were using a cane at the time of follow-up. In bivariate analyses, preoperative predictors of KOOS function score at follow-up included preoperative functional status and several MRI findings including the extent of cartilage damage, bone marrow edema in the medial compartment, and length of the tear. Multivariate analyses showed that after adjusting for preoperative functional status, the extent of cartilage signal abnormality in the medial compartment on MRI remained an independent predictor of functional status, 6-18 months following surgery. Specifically, preoperative functional status explained 21% of the variability in follow-up KOOS functional status score and the extent of medial tibial cartilage damage on MRI explained an additional 16%. Analyses of knee pain 1 year following APM yielded similar findings, with preoperative functional status accounting for 17% of the variability in pain scores and medial tibial cartilage damage accounting for an additional 13%. Preoperative MRI findings of cartilage damage have independent prognostic value in predicting the functional outcome of APM. This study was limited by a cross-sectional design with retrospective recall of preoperative functional status. Thus, the findings need to be confirmed in prospective investigations."
25164458,2014,Asia Pacific journal of clinical nutrition,10.6133/apjcn.2014.23.3.02,Effects of a summer program for weight management in obese children and adolescents in Shanghai.,"To investigate the effects of a combined intervention of diet and physical activity on body composition, resting energy expenditure (REE) and metabolic factors in obese children and adolescents. Twenty obese children and adolescents aged 7 to 17 years completed a 4-week summer camp program which focussed on personal behaviour, including energy-restricted diets and supervised physical activity. Anthropometry, bioelectrical impedance, ultrasonography (US) for subcutaneous and hepatic fat, and abdominal Magnetic Resonance Imaging assessments were made and blood pressure (BP) recorded before and after the 4-week intervention. 1) Weight loss was 7.2 ± 2.2 kg, with losses of 5.5 ± 2.2 kg and 1.7 ± 1.2 kg in fat mass (FM) and fat free mass (FFM), respectively, with associated reductions in abdominal and hip fat and in the waist/hip circumference ratio and in BP. 2) There were no significant changes in REE or in its ratio with weight. 3) Reductions in uric acid, total cholesterol, triglycerides, LDL cholesterol, HbA1C, insulin, C-Peptide and insulin resistance (HOMA-IR) and the ratio of fatty liver were observed, but not in the inflammatory marker hsCRP. With behavioural intervention during a summer camp, body fat and its distribution were favourably changed, but with some loss of lean mass. However, there were no detectable reductions in REE. Weight management programs which achieve fat loss with maintenance of REE ought to be more sustainable."
37999795,2024,Pediatric radiology,10.1007/s00247-023-05808-1,Increase in complicated upper respiratory tract infection in children during the 2022/2023 winter season-a post coronavirus disease 2019 effect?,"Upper respiratory tract infections usually peak during winter months. The purpose of this study was to evaluate whether imaging of complicated upper airway infection in children increased during the winter season of 2022/2023. In a retrospective study setting, pediatric magnetic resonance imaging (MRI) and computed tomography (CT) scans for evaluation of upper respiratory tract infection performed between October 2022 and April 2023 were analyzed regarding presence of the following complications: mastoiditis, abscess, phlegmon, meningitis, reactive vasculitis, and sinus vein thrombosis. Pathogen detection, surgery, and infection parameters were obtained. Data were compared with MRI and CT scans performed in the same months of the preceding five years, distinguishing between pandemic and pre-pandemic years. During the 2022/2023 winter season, the number of MRI and CT scans in children with upper airway infections, the complication rate, the rate of detected streptococcal infections, and the rate of surgery increased significantly compared to expectations based on the five prior winter seasons (all P<0.05). During the first complete pandemic winter season in Europe (2020/2021), the number of MRI and CT scans in children with upper airway infection, the complication rate, and the rates of streptococcal detection and surgery decreased significantly compared to expectations based on the pre-pandemic, the second pandemic, and the post-pandemic winter seasons (all P<0.05). After a decline during the first pandemic winter season, there was a marked rebound in complicated upper airway infection in children, with a significant increase in cases during the 2022/2023 winter season compared to the pre-pandemic and pandemic years."
30799032,2019,Academic radiology,10.1016/j.acra.2019.02.001,Prevalence of MRI-Detected Ankle Injuries in Athletes in the Rio de Janeiro 2016 Summer Olympics.,"To describe the prevalence, severity, and location of ankle injuries as assessed on magnetic resonance imaging (MRI) in athletes participating in the Rio de Janeiro 2016 Summer Olympic Games. We analyzed all ankle MRIs that were acquired for suspected injury as reported by the National Olympic Committee medical teams and the Organizing Committee medical staff during the Rio 2016 Summer Olympics. Diagnostic imaging was performed through the Olympic Village Polyclinic. Images were interpreted retrospectively according to standardized criteria. A total of 11,274 athletes participated in the Games, of which 89 (8.8%) were referred for an ankle MRI. Eighty-eight of the 89 (99%) had at least 1 abnormal finding, and some had as many as 27, for an average of 6.2 abnormalities per examination. Around one-fifth of all abnormal findings were considered pre-existing (21%) and 79% were assumed to be the result of an acute or subacute injury. The highest proportion of acute/subacute injuries per athlete occurred in ball sports (7.0 injuries per examination) and in the age group >30. Most pre-existing findings per athlete were identified in the group of others (no track and field or ball sports athletes) with 2.5 findings per examination and respectively in the age group >30 (1.7). Our study demonstrated a high prevalence of acute and subacute, but also pre-existing injuries in Olympic athletes undergoing ankle MRI. Tendon injuries were the most common acute injuries, found mainly in ball sports athletes. Most pre-existing ankle injuries were identified at the ligaments."
33305709,2021,Current cardiology reviews,10.2174/1573403X16999201210195702,Myocardial Infarction with and without ST-segment Elevation: a Contemporary Reappraisal of Similarities and Differences.,"Understanding the similarities and differences between myocardial infarction with or without ST-segment elevation is an essential step for proper patients' management in current practice. Both syndromes are caused by critical stenosis or total occlusion of coronary arteries (mostly due to thrombosis on atherosclerotic plaque), and manifest with a similar clinical presentation. Recent epidemiologic studies show that the relative incidence of ST-segment elevation myocardial infarction (STEMI) and non-ST-segment elevation myocardial infarction (NSTEMI) moves in an opposite fashion (decreasing and increasing respectively), with a prognosis that is worse at short-term follow-up for STEMI but comparable at long-term. Current management differs, as for STEMIs, immediate reperfusion is recommended, while for NSTEMIs, risk stratification is mandatory in order to stratify patients' risk, and then decide the timing for coronary angiography. Periprocedural and technical aspects of the interventional management, as well as antithrombotic medications, are for the most similarly implemented in the two types of MI, with routine radial access, DES implant, and novel P2Y12 inhibitors representing the standard of care in both cases. The following review article aims to compare the two types of MI, with and without persistent STsegment elevation. The main purpose is to explore their similarities and differences and address areas of uncertainty with regards to clinical presentation, therapeutic management, and prognosis. The identification of high-risk NSTEMI patients is important as they may require an individualised approach that can substantially overlap with current STEMI recommendations, and their mortality remains high if their management is delayed."
38671341,2024,BMC infectious diseases,10.1186/s12879-024-09340-x,A comparative study of general and severe mycoplasma pneumoniae pneumonia in children.,"The increasing prevalence of severe Mycoplasma pneumoniae pneumonia (SMPP) poses a significant threat to the health of children. This study aimed to characterise and assess the outcomes in children with SMPP. We retrospectively analysed children hospitalised for M. pneumoniae pneumonia (MPP) between January and December 2022. Retrospectively, demographic, clinical, underlying diseases, laboratory and radiological findings, and treatment outcomes were collected and analysed. Disease severity was defined as severe or general according to the Guideline for diagnosis and treatment of community-acquired pneumonia in children (2019 version). Over a 12-month observation period, 417 children with MPP were enrolled, 50.6% (211/417) of whom had SMPP, with the peak incidence observed in winter. Of the 211 children with SMPP, 210 were treated and discharged with improvement, while one child with congenital heart disease died of cardioembolic stroke. A significantly higher proportion of patients with SMPP had underlying diseases, extrapulmonary complications (myocardial and digestive system involvement), and bacterial co-infection. A total of 25 (12%) children with SMPP received mechanical ventilation. The median duration of mechanical ventilation was 3 days. All children were treated with macrolide antibiotic. A significantly higher proportion of patients with SMPP received antibiotic other than macrolides, methylprednisolone sodium succinate, intravenous immunoglobulin and anticoagulation, compared with patients with general MPP (GMPP). Children with SMPP had significantly higher levels of white blood cells, neutrophil percentage, C-reactive protein, procalcitonin, interferon-γ, interleukin (IL)-2, IL-5, IL-6, IL-8, IL-10 and significantly lower percentages of lymphocytes, monocytes, and natural killer cells, compared with GMPP group. Our findings suggest that severely ill children have more pronounced inflammatory reaction and extrapulmonary complications. For effective management of children with SMPP, hormonal, prophylactic, anticoagulant therapy, as well as the use of antibiotics other than macrolides for bacterial co-infections, could be incorporated into treatment regimens."
19162352,2009,International journal of cardiology,10.1016/j.ijcard.2008.12.075,Seasonal variation in acute myocardial infarction.,
40647207,2025,Nutrients,10.3390/nu17132102,Vitamin D and Cardiovascular Health: A Narrative Review of Risk Reduction Evidence.,"The role of vitamin D in reducing cardiovascular disease (CVD) risk remains debated despite growing evidence. Prospective observational studies consistently show that low serum 25-hydroxyvitamin D [25(OH)D] concentrations (below 40-50 nmol/L [16-20 ng/mL]) are associated with the highest risk of CVD incidence. In addition, a large prospective observational study found that serum 25(OH)D concentration was inversely correlated with CVD mortality rate to over 100 nmol/L. Randomized controlled trials have not generally demonstrated benefit due to faulty study designs, such as enrolling participants with baseline 25(OH)D levels > 50 nmol/L. However, a major trial found that 60,000 IU/month of vitamin D3 supplementation reduced the risk of major cardiovascular events for participants with predicted 25(OH)D concentrations ≥ 50 nmol/L or taking statins or CV drugs by ~13 to ~17%. In addition, vitamin D supplementation studies have found modest reductions in several CVD risk factors. Other observational studies of vitamin D supplementation have reported reduced CVD risks (e.g., ischemic heart disease, hypertension, and myocardial infarction). Temporal ecological studies further support this relationship, revealing that CVD incidence rates are lowest in summer and CVD mortality rates are significantly higher in late winter-when 25(OH)D concentrations are lowest-compared to late summer. A previously reported analysis using eight of Hill's criteria for causality in a biological system further strengthens the biological plausibility of vitamin D's role in CVD risk reduction. Its role in modulating inflammation and oxidative stress, improving endothelial function, and reducing several cardiometabolic risk factors supports its inclusion as part of a comprehensive, multi-modal approach to cardiovascular health. Therefore, vitamin D should be considered an integral component in the prevention and management of CVD. Preferably, it should be used in combination with other nutritional supplements, a heart-healthy diet, and prescription medications to reduce the risk of CVD incidence. People should consider vitamin D3 supplementation with at least 2000 IU/day (50 mcg/day) (more for those who are obese) when sun exposure is insufficient to maintain serum 25(OH)D concentrations above 75 nmol/L. To reduce CVD mortality rates, higher doses to achieve higher 25(OH)D concentrations might be warranted."
36833593,2023,International journal of environmental research and public health,10.3390/ijerph20042872,Circadian and Seasonal Pattern of Arrhythmic Events in Arrhythmogenic Cardiomyopathy Patients.,"Arrhythmogenic right ventricular cardiomyopathy (ARVC) is an inherited cardiac disease associated with an increased risk of life-threatening arrhythmias. The aim of the present study was to evaluate the association of ventricular arrhythmias (VA) with circadian and seasonal variation in ARVC. One hundred two ARVC patients with an implantable cardioverter defibrillator (ICD) were enrolled in the study. Arrhythmic events included (a) any initial ventricular tachycardia (VT) or fibrillation (VF) prompting ICD implantation, (b) any VT or non-sustained VT (NSVT) recorded by the ICD, and (c) appropriate ICD shocks/therapy. Differences in the annual incidence of events across seasons (winter, spring, summer, autumn) and period of the day (night, morning, afternoon, evening) were assessed both for all cardiac events and major arrhythmic events. In total, 67 events prior to implantation and 263 ICD events were recorded. These included 135 major (58 ICD therapies, 57 self-terminating VT, 20 sustained VT) and 148 minor (NSVT) events. A significant increase in the frequency of events was observed in the afternoon versus in the nights and mornings (p = 0.016). The lowest number of events was registered in the summer, with a peak in the winter (p < 0.001). Results were also confirmed when excluding NSVT. Arrhythmic events in ARVC follow a seasonal variation and a circadian rhythm. They are more prevalent in the late afternoon, the most active period of the day, and in the winter, supporting the role of physical activity and inflammation as triggers of events."
35926642,2022,International journal of cardiology,10.1016/j.ijcard.2022.07.043,"Global warming, renal function and heart failure over 20 years.","The impact of increasing temperatures on renal function in heart failure (HF) outpatients has never been specifically analyzed. We retrieved creatinine and estimated glomerular filtration rate (eGFR) values of all HF outpatients followed at a HF clinic and temperature data from 2002 to 2021. For each patient and each year we averaged values of creatinine, eGFR and monthly temperatures during summer and the rest of the year. The study cohort included 2167 HF patients undergoing 25,865 elective visits, with a median of 14 visits for each patient (interquartile range 7-23). At the first visit, patients (70% men) had an age of 67 ± 13 years, and a left ventricular ejection fraction of 35 ± 14%. Creatinine was 1.25 ± 0.51 mg/dL, and eGFR was 65 ± 25 mL/min/1.73 m2. When pooling together all average values of creatinine and eGFR measured during summer or in the rest of the year, creatinine was significantly higher in summer (difference 0.04, 95% confidence interval [CI] 0.04 to 0.05, p < 0.001), and eGFR was slightly lower (difference - 2.0, 95% CI -2.3 to -1.8, p < 0.001). Temperature rise during summer increased from 2002 to 2021. The absolute (Δ) and percent (Δ%) elevation in temperature during summer displayed independent associations with Δ and Δ% creatinine and eGFR after adjusting for age, sex, plasma creatinine, and HF therapies. The magnitude of temperature elevation during summer has increased over 20 years. This elevation correlates with the decline in renal function during summer. This might be an example of how global warming is affecting human health."
38364198,2024,European journal of preventive cardiology,10.1093/eurjpc/zwae021,Ambient temperature and risk of cardiovascular and respiratory adverse health outcomes: a nationwide cross-sectional study from Spain.,"We assessed the association of temperature and temperature variability with cause-specific emergency hospitalizations and mortality from cardiovascular and respiratory diseases in Spain, as well as the effect modification of this association by individual and contextual factors. We collected data on health (hospital admissions and mortality), weather (temperature and relative humidity), and relevant contextual indicators for 48 Spanish provinces during 2004-2019. The statistical analysis was separately performed for the summer (June-September) and winter (December-March) seasons. We first applied a generalized linear regression model with quasi-Poisson distribution to estimate daily province-specific temperature-health associations, and then we fitted multilevel multivariate meta-regression models to the evaluate effect modification of the contextual characteristics on heat- and cold-related risks. High temperature increased the risk of mortality across all cardiovascular and respiratory diseases, with the strongest effect for hypertension (relative risk (RR) at 99th temperature percentile vs. optimum temperature: 1.510 [95% empirical confidence interval {eCI} 1.251 to 1.821]), heart failure (1.528 [1.353 to 1.725]), and pneumonia (2.224 [1.685 to 2.936]). Heat also had an impact on all respiratory hospitalization causes (except asthma), with similar risks between pneumonia (1.288 [1.240 to 1.339]), acute bronchitis and bronchiolitis (1.307 [1.219 to 1.402]), and chronic obstructive pulmonary disease (1.260 [1.158 to 1.372]). We generally found significant risks related to low temperature for all cardiovascular and respiratory causes, with heart failure (RR at 1st temperature percentile vs. optimum temperature: 1.537 [1.329 to 1.779]) and chronic obstructive pulmonary disease (1.885 [1.646 to 2.159]) exhibiting the greatest risk for hospitalization, and acute myocardial infarction (1.860 [1.546 to 2.238]) and pneumonia (1.734 [1.219 to 2.468]) for mortality. Women and the elderly were more vulnerable to heat, while people with secondary education were less susceptible to cold compared to those not achieving this educational stage. Results from meta-regression showed that increasing heating access to the highest current provincial value (i.e. 95.6%) could reduce deaths due to cold by 59.5% (57.2 to 63.5). Exposure to low and high temperatures was associated with a greater risk of morbidity and mortality from multiple cardiovascular and respiratory conditions, and heating was the most effective societal adaptive measure to reduce cold-related mortality."
40146299,2025,Current cardiology reports,10.1007/s11886-025-02217-8,Reevaluating STEMI: The Utility of the Occlusive Myocardial Infarction Classification to Enhance Management of Acute Coronary Syndromes.,"The current classification of acute myocardial infarction (AMI) into ST-segment elevation myocardial infarction (STEMI) and non-ST-segment elevation myocardial infarction (NSTEMI) has limitations in identifying patients with acute coronary occlusion (ACO) who do not exhibit classic ST-elevation. Emerging evidence suggests that a reclassification to ""Occlusive Myocardial Infarction"" (OMI) may enhance diagnostic accuracy and therapeutic interventions. A comprehensive review of the literature was conducted, focusing on the pathophysiology, electrocardiographic (EKG) patterns, and management of ACO. The utility of the OMI paradigm was evaluated against the traditional STEMI/NSTEMI framework, with a particular emphasis on atypical EKG findings and their role in guiding early intervention. Traditional STEMI criteria fail to identify ACO in approximately 30% of NSTEMI patients, leading to delayed reperfusion and increased mortality. The OMI framework demonstrates improved sensitivity (78.1% vs. 43.6% for STEMI criteria) for detecting ACO by incorporating subtle EKG changes, including hyperacute T-waves, de Winter T-waves, and posterior infarction patterns. OMI-guided management facilitates timely diagnosis and intervention, potentially reducing adverse outcomes. Emerging artificial intelligence (AI) tools further enhance EKG interpretation and clinical decision-making. Transitioning to the OMI paradigm addresses critical gaps in the STEMI/NSTEMI framework by emphasizing the identification of ACO irrespective of ST-segment elevation. This approach could significantly improve patient outcomes by reducing delays in reperfusion therapy. Future randomized trials are needed to validate the OMI paradigm and optimize its implementation in clinical practice."
1483767,1992,International journal of sports medicine,10.1055/s-2007-1024632,Cold exposure and ischemic heart disease.,"Exposure to cold causes a vasoconstriction and a tachycardia, both resulting in a rise of blood pressure and cardiac work. This last effect may have a deleterious influence on people suffering from ischaemic heart disease (IHD). Moreover, coronary artery spasm could occur if vasoconstriction extends to the heart vessels. Epidemiologic studies have shown that mortality from IHD was correlated to the ambient temperature. There will be more deaths per day in the winter, and fewer in the summer. However, the daily number of deaths also increases during the heat waves. During a cold test, the coronary blood flow remains normal or slightly increased in normal subject. There is never a coronary artery spasm. Subjects who suffer from angina but have normal coronary arteries behave in the same way as normal subjects. Patients with IHD show a decrease in coronary blood flow. In a few cases, those patients may exhibit a coronary spasm with chest pain and even myocardial infarction. It is concluded that people with normal cardiovascular function are unaffected by cold stress whereas those with IHD may be crippled, although rarely, by exposure to cold, especially if they perform a physical work."
31747863,2019,Journal of the American Heart Association,10.1161/JAHA.119.012551,"UVA and Seasonal Patterning of 56 370 Myocardial Infarctions Across Scotland, 2000-2011.","Background Myocardial infarction exhibits seasonal patterning, with higher amplitude at increased latitude. Epidemiological evidence suggests that sunlight is protective against cardiovascular disease, independent of ambient temperature, but ultraviolet B-mediated vitamin D production has been discounted as causal. We aimed to determine whether ultraviolet A is associated with the seasonal patterning of myocardial infarction. Methods and Results Routine hospitalization data were used to determine monthly incidence of myocardial infarction in Scotland between 2000 and 2011. Small-area-level aggregated data were obtained on ambient temperature from the Meteorological Office and ultraviolet A and ultraviolet B irradiance from NASA satellites. Autoregressive distributed lag models were run for ultraviolet A and myocardial infarction, including adjustment for ambient temperature and ultraviolet B. Monthly incidence of myocardial infarction displayed winter peaks and summer troughs superimposed on the underlying trend, with a mean amplitude of 0.31 (95% CI: 0.21, 0.41) myocardial infarctions per 100 000 population per month. Ultraviolet A exposure was inversely associated with myocardial infarction independent of ambient temperature (coefficient, -0.05; 95% CI, -0.09, -0.01; P=0.015) and ultraviolet B UVB (coefficient, -0.05; 95% CI, -0.09, -0.02; P=0.004). Conclusions Further research is required to explore whether an ultraviolet-mediated mechanism different to vitamin D, such as nitric oxide-mediated vasodilatation, may play a causal role in the seasonal and geographical patterning of myocardial infarction."
37420091,2023,Hypertension research : official journal of the Japanese Society of Hypertension,10.1038/s41440-023-01364-1,Seasonal variation in predialysis systolic blood pressure and cardiovascular events in patients on maintenance hemodialysis.,"Predialysis systolic blood pressure (SBP) in patients on hemodialysis (HD) consistently followed a seasonal pattern, reaching a peak in winter and nadir in summer, similar to blood pressure in the general population. However, the relationship between seasonal variations in predialysis SBP and clinical outcomes is still under-investigated in Japanese patients on HD. This retrospective cohort study included 307 Japanese patients undergoing HD for >1 year in three dialysis clinics and evaluated the association between the standard deviation (SD) of predialysis SBP and clinical outcomes, including major adverse cardiovascular events (MACEs; cardiovascular death, nonfatal myocardial infarction or unstable angina, stroke, heart failure, and other severe cardiovascular events requiring hospitalization) with 2.5 years follow-up. The SD of predialysis SBP was 8.2 (6.4-10.9) mmHg. In the model fully adjusted for the SD of predialysis SBP, predialysis SBP, age, sex, HD vintage, Charlson comorbidity index, ultrafiltration rate, renin-angiotensin system inhibitors, corrected calcium, phosphorus, human atrial natriuretic peptide, C-reactive protein, albumin, hemoglobin, body mass index, normalized protein catabolism rate, and intradialytic SBP decline, Cox regression analyses showed that a higher SD of predialysis SBP (per 10 mmHg) was significantly associated with increased MACE risk (hazard ratio [HR], 1.89; 95% confidence interval [95% CI], 1.07-3.36) and all-cause hospitalization (HR, 1.57; 95% CI, 1.07-2.30). Therefore, greater seasonal variations in predialysis SBP were associated with worse clinical outcomes, including MACEs and all-cause hospitalization. Whether interventions to reduce seasonal variations in predialysis SBP will improve the prognosis of Japanese patients on HD must be investigated further."
12573201,2003,Current atherosclerosis reports,10.1007/s11883-003-0087-x,"Myocardial infarction, stroke, and sudden cardiac death may be prevented by influenza vaccination.","Acute myocardial infarction (AMI) and atherothrombotic stroke share a common pathogenesis involving disrupted atherosclerotic plaque and intravascular thrombosis. Both AMI and stroke have their peak incidence in winter months. Similarly, the incidence of upper respiratory infections (URIs), 38% of which are due to influenza, also peaks in winter (November and December). URIs result in many biochemical, cellular, and hemostatic changes that could predispose to plaque disruption and thrombosis. Infections, particularly URIs, frequently precede AMI and stroke. Up to 16% of persons older than 60 years of age experience a URI each year. Nineteen percent of those suffering an AMI recall a URI in the 2 weeks prior to their event. Three epidemiologic and one small clinical trial suggest that influenza vaccination is associated with a 50% reduction in incidence of sudden cardiac death, AMI, and ischemic stroke. Influenza vaccine is extremely safe and has a 50% efficacy. Theoretically, up to 104,500 AMIs and 192,000 nonembolic ischemic strokes could be prevented each year by influenza vaccination."
29518796,2018,The New Zealand medical journal,,Seasonal variation in Takotsubo syndrome compared with myocardial infarction: ANZACS-QI 16.,"The incidence of myocardial infarction (MI) is characterised by seasonal variation, with a winter peak and summer trough. Takotsubo syndrome (TS) mimics MI, but is thought to have a distinct aetiology and may exhibit a reversed pattern of seasonal variation. This study investigated the seasonal variation in the incidence of TS in comparison to MI. Two hundred and sixty consecutive patients with TS (95% women, median age 66 years) admitted between March 2004 and December 2016 in the Auckland region of New Zealand were identified. The study population was grouped into three-month intervals (seasons) according to the date of admission to analyse for potential seasonal variations in the incidence. The TS cohort was compared with 36,376 patients who presented with acute MI in the Auckland region (40% women, median age 71 years) between March 2004 and December 2016. The onset of TS differed as a function of season (p=0.02), with the events most frequent in summer (n=77, 30%) and least so in winter (n=46, 18%). In contrast, incidence of MI also varied by season (p=0.0003), with highest events in winter and lowest in summer. The pattern of seasonal variation in TS is reversed compared with MI, with peaks during summer."
14728076,2003,"American journal of cardiovascular drugs : drugs, devices, and other interventions",10.2165/00129784-200303040-00002,"Could influenza vaccination prevent myocardial infarction, stroke and sudden cardiac death?","Acute myocardial infarction (AMI), sudden cardiac death and atherothrombotic stroke, which share a common pathogenesis involving disrupted atherosclerotic plaque and intravascular thrombosis, vary seasonally, with peak incidence in winter months. This seasonality is similar to that of upper respiratory infections, of which 38% are due to influenza. Infections such as influenza produce many biochemical, cellular, and hemostatic changes that could predispose to plaque disruption and thrombosis. Infections, particularly of the respiratory tract, often precede AMI and stroke. Four observational studies and one small clinical trial suggest that influenza vaccination can reduce the occurrence of sudden death, AMI, and stroke by approximately 50%. Influenza vaccine is very well-tolerated. With up to 16% of adults contracting influenza each year and the vaccine reducing the incidence of influenza by 50%, influenza vaccination could make a substantial public health impact on acute cardiac and neurovascular events."
26004170,2015,Physiology & behavior,10.1016/j.physbeh.2015.05.022,A warmer indoor environment in the evening and shorter sleep onset latency in winter: The HEIJO-KYO study.,"Difficulty in initiating sleep is an important problem because it is associated with an increased incidence of depression, diabetes, myocardial infarction, and higher all-cause mortality. Although experimental studies in controlled settings have shown that warm skin temperature of the extremities (feet and hands) before bedtime is associated with shorter sleep onset latency (SOL), evidence from real life situations is limited. We assessed the relationship between indoor temperatures in the evening (2h before bedtime) and SOL among 861 home-dwelling elderly participants. Subjective SOL was determined according to a self-administered sleep diary. Actigraphic (objective) SOL, indoor temperature, and bed temperature were simultaneously measured at participants' homes for 48h during the colder seasons (October-April). The association between evening indoor temperature and SOL was assessed using a multilevel linear regression model with random intercept for individual participants. Evening indoor temperature showed a significant inverse association with log-transformed subjective SOL (β=-0.021, P<0.01) and actigraphic SOL (β=-0.019, P<0.01), independent of potential confounders including gender, insomnia medication, evening physical activity, and bedtime. Higher bed temperature during the 2h after bedtime was significantly associated with shorter log-transformed actigraphic SOL (β=-0.028, P<0.01). These significant associations were maintained even after adjustment for evening outdoor temperature. The clinically important findings of the present study indicate that SOL may be shortened by modification of evening indoor temperature and bed temperature for 2h after bedtime."
37209929,2023,Annals of epidemiology,10.1016/j.annepidem.2023.05.010,Impact of seasonal variation on hospital admission and in-hospital mortality of acute cardiovascular diseases: a contemporary nationwide database study.,"Whether acute cardiovascular diseases (CVDs), such as acute heart failure (AHF), acute myocardial infarction (AMI), and acute aortic dissection (AAD), have distinct seasonal variations in the number of hospitalizations and in-hospital mortality was investigated using a nationwide database in Japan. The hospitalized patients with AHF, AMI, and AAD between April 2012 and March 2020 were identified. Multilevel mixed-effects logistic regression was conducted and adjusted odds ratio (aOR) was calculated. Also, the Poisson regression model was conducted to calculate the peak-to-trough ratio (PTTR) with peak month. Patients identified were as follows: 752,434 AHF patients (median age, 82 years; male, 52.2%), 346,110 AMI patients (median age, 71 years; male, 72.2%), and 118,538 AAD patients (median age, 72 years; male, 58.0%). The monthly proportion of hospitalized patients was the highest in winter and the lowest in summer in all three diseases. Based on aOR, 14-day mortality was the lowest in spring for AHF, summer for AMI, and spring for AAD. Furthermore, the PTTRs with peak month were 1.24 for AHF in February, 1.34 for AMI in January, and 1.33 for AAD in February. A clear seasonal pattern was observed in the number of hospitalizations and in-hospital mortality of all acute CVDs, independent of confounders."
36788302,2023,Hypertension research : official journal of the Japanese Society of Hypertension,10.1038/s41440-023-01201-5,Seasonality in nighttime blood pressure and its associations with target organ damage.,"There is some evidence that nighttime blood pressure varies between seasons. In the present analysis, we investigated the seasonal variation in ambulatory nighttime blood pressure and its associations with target organ damage. In 1054 untreated patients referred for ambulatory blood pressure monitoring, we performed measurements of urinary albumin-to-creatinine ratio (ACR, n = 1044), carotid-femoral pulse wave velocity (cfPWV, n = 1020) and left ventricular mass index (LVMI, n = 622). Patients referred in spring (n = 337, 32.0%), summer (n = 210, 19.9%), autumn (n = 196, 18.6%) and winter (n = 311, 29.5%) had similar 24-h ambulatory systolic/diastolic blood pressure (P ≥ 0.25). However, both before and after adjustment for confounding factors, nighttime systolic/diastolic blood pressure differed significantly between seasons (P < 0.001), being highest in summer and lowest in winter (adjusted mean values 117.0/75.3 mm Hg vs. 111.4/71.1 mm Hg). After adjustment for confounding factors, nighttime systolic/diastolic blood pressure were significantly and positively associated with ACR, cfPWV and LVMI (P < 0.006). In season-specific analyses, statistical significance was reached for all the associations of nighttime blood pressure with target organ damage in summer (P ≤ 0.02), and for some of the associations in spring, autumn and winter. The association between nighttime systolic blood pressure and ACR was significantly stronger in patients examined in summer than those in winter (standardized β, 0.31 vs 0.11 mg/mmol, P for interaction = 0.03). In conclusion, there is indeed seasonality in nighttime blood pressure level, as well as in its association with renal injury in terms of urinary albumin excretion. Our study shows that there is indeed seasonal variability in nighttime blood pressure, highest in summer and lowest in winter, and its association with renal injury in terms of urinary albumin excretion varies between summer and winter as well."
16517249,2006,Progress in cardiovascular diseases,10.1016/j.pcad.2005.07.001,Natural and unnatural triggers of myocardial infarction.,"Previous analyses have suggested that factors that stimulate the sympathetic nervous system and catecholamine release can trigger acute myocardial infarction. The wake-up time, Mondays, winter season, physical exertion, emotional upset, overeating, lack of sleep, cocaine, marijuana, anger, and sexual activity are some of the more common triggers. Certain natural disasters such as earthquakes and blizzards have also been associated with an increase in cardiac events. Certain unnatural triggers may play a role including the Holiday season. Holiday season cardiac events peak on Christmas and New Year. A number of hypotheses have been raised to explain the increase in cardiac events during the holidays, including overeating, excessive use of salt and alcohol, exposure to particulates, from fireplaces, a delay in seeking medical help, anxiety or depression related to the holidays, and poorer staffing of health care facilities at this time. War has been associated with an increase in cardiac events. Data regarding an increase in cardiac events during the 9/11 terrorist attack have been mixed. Understanding the cause of cardiovascular triggers will help in developing potential therapies."
33320732,2022,Prehospital emergency care,10.1080/10903127.2020.1863533,STEMI Equivalents and Their Incidence during EMS Transport.,"Objective: The management of patients with ST-elevation myocardial infarction (STEMI) is time-critical, with a focus on early reperfusion to decrease morbidity and mortality. It is imperative that prehospital clinicians recognize STEMI early and initiate transport to hospitals capable of percutaneous coronary intervention (PCI) with a door-to-balloon time of ≤90 minutes. Three patterns have been identified as STEMI equivalents that also likely warrant prompt attention and potentially PCI: Wellens syndrome, De Winter T waves, and aVR ST elevation. The goal of our study was to assess the incidence of these findings in prehospital patients presenting with chest pain. Methods: We conducted a retrospective chart review from a large urban tertiary care emergency department. We reviewed the prehospital ECG, or ECG upon arrival, of 861 patients who were hospitalized and required cardiac catheterization between 4/10/18 and 5/7/19. Patients who had field catheterization lab activation by EMS for STEMI were excluded. If a prehospital ECG was not available for review, the first ECG obtained in the hospital was used as a proxy. Each ECG was screened for aVR elevation, De Winter T waves, and Wellens syndrome. Results: Of 278 charts with prehospital ECGs available, 12 met our criteria for STEMI equivalency (4.4%): 6 Wellens syndrome and 6 aVR STEMI. There were no cases of De Winters T waves. Of 573 charts with no prehospital ECG available, 27 had initial hospital ECGs that met our STEMI equivalent criteria (4.7%): 7 Wellens syndrome and 20 aVR STEMI. Again, there were no cases of De Winters T waves. Conclusions: These preliminary data suggest that there are significant numbers of patients whose prehospital ECG findings do not currently meet criteria for field activation of the cardiac catheterization lab, but who may require prompt catheterization. Further studies are needed to look at outcomes, but these results could support the need for further education of prehospital clinicians regarding recognition of these STEMI equivalents, as well as quality initiatives aimed at decreasing door-to-balloon time for patients with STEMI equivalents."
8225736,1993,International journal of epidemiology,10.1093/ije/22.4.632,"Seasons, temperature and coronary disease.","Using data from a community-based register of heart disease (the WHO MONICA Project) associations between daily temperature, rainfall and other seasonal effects were investigated in relation to fatal coronary events and non-fatal definite myocardial infarctions in an Australian population. Coronary events, both fatal and non-fatal, were 20-40% more likely to occur in winter and spring than at other times of the year. Coronary deaths were more likely to occur on days of low temperature (and to a much lesser extent, on days of high temperature). No differences were found between patterns of sudden and non-sudden deaths (those occurring later after the onset of symptoms) associated with weather conditions. Statistical models allowing simultaneously for longer-term seasonal effects and daily temperature effects suggested that both exist. These results suggest that avoiding temperature stress could lead to reductions in the annual peaks in coronary events."
40163801,2025,Environmental health perspectives,10.1289/EHP14677,"Seasonal Average Temperature Differences and CVD Incidence: Results from the US-Based Nurses' Health Study, Nurses' Health Study II, and the Health Professional Follow-Up Study.","Climate change is one of the greatest health threats facing humanity. Multiple studies have documented the impact of short-term temperature exposure on human health. However, long-term temperature exposures are far less studied. We examined whether exposures to higher or lower summer and winter average temperatures compared to long-term average temperatures were associated with cardiovascular disease (CVD) incidence in three US-based cohorts. We followed 276,618 participants from the Nurses' Health Study (NHS) (1991-2018), the Nurses' Health Study II (NHSII) (1994-2017), and the Health Professionals' Follow-Up Study (1991-2015). We used data (1986-2018) from PRISM Spatial Climate Datasets (800-×800-m spatial resolution) to calculate differences between the summer (June-August) and winter (December-February) average temperatures and the previous 5-year summer and winter average temperatures at residential addresses of each participant. CVD incidence was defined as first nonfatal or fatal myocardial infarction (MI) or nonfatal or fatal stroke. Cox proportional hazard models were used to examine associations with between average temperatures and CVD incidence. Hazard ratios (HRs) and 95% confidence intervals (95% CI) were pooled using random effect meta-analysis. We also examined associations in the populations <65 and 65+ years of age. After pooling HRs, we found no association of summer average temperatures higher than the previous 5-year average temperature, with CVD incidence. A winter average temperature lower than the previous 5-year average was associated with CVD incidence (HR=0.95 per 2.7°C increase; 95% CI: 0.89, 1.01). Among persons <65 years of age, we observed increased CVD risks with higher summer average temperatures (pooled HR=1.03 per 1.3°C increase; 95% CI: 1.00, 1.07) and lower winter average temperatures (pooled HR=0.91 per 2.7°C increase; 95% CI: 0.87, 0.95) compared to the previous 5-year average temperature. Exposure to a winter average temperature lower than the previous 5-year average was suggestively associated with an increased CVD risk. Exposure to a summer average temperature higher than the previous 5-year average was associated with CVD incidence in the population <65 years of age but not in the full population. https://doi.org/10.1289/EHP14677."
38891972,2024,International journal of molecular sciences,10.3390/ijms25115786,"Coronary Plaque Erosion: Epidemiology, Diagnosis, and Treatment.","Plaque erosion (PE), a distinct etiology of acute coronary syndromes (ACSs), is often overshadowed by plaque ruptures (PRs). Concerning its epidemiology, PE has garnered increasing recognition, with recent studies revealing its prevalence to be approximately 40% among ACS patients, challenging earlier assumptions based on autopsy data. Notably, PE exhibits distinct epidemiological features, preferentially affecting younger demographics, particularly women, and often manifesting as a non-ST-segment elevation myocardial infarction. There are seasonal variations, with PE events being less common in winter, potentially linked to physiological changes and cholesterol solidification, while peaking in summer, warranting further investigation. Moving to molecular mechanisms, PE presents a unique profile characterized by a lesser degree of inflammation compared to PR, with endothelial shear stress emerging as a plausible molecular mechanism. Neutrophil activation, toll-like receptor-2 pathways, and hyaluronidase 2 expression are among the factors implicated in PE pathophysiology, underscoring its multifactorial nature. Advancements in intravascular imaging diagnostics, particularly optical coherence tomography and near-infrared spectroscopy coupled with intravascular ultrasound, offer unprecedented insights into plaque composition and morphology. Artificial intelligence algorithms show promise in enhancing diagnostic accuracy and streamlining image interpretation, augmenting clinician decision-making. Therapeutically, the management of PE evolves, with studies exploring less invasive approaches such as antithrombotic therapy without stenting, particularly in cases identified early through intravascular imaging. Additionally, the potential role of drug-coated balloons in reducing thrombus burden and minimizing future major adverse cardiovascular events warrants further investigation. Looking ahead, the integration of advanced imaging modalities, biomarkers, and artificial intelligence promises to revolutionize the diagnosis and treatment of coronary PE, ushering in a new era of personalized and precise cardiovascular care."
34426618,2021,Scientific reports,10.1038/s41598-021-96366-9,Association between winter cold spells and acute myocardial infarction in Lithuania 2000-2015.,"Acute myocardial infarction (AMI) is a major public health problem. Cold winter weather increases the risk of AMI, but factors influencing susceptibility are poorly known. We conducted an individual-level case-crossover study of the associations between winter cold spells and the risk of AMI, with special focus on survival at 28 days and effect modification by age and sex. All 16,071 adult cases of AMI among the residents of the city of Kaunas in Lithuania in 2000-2015 were included in the study. Cold weather was statistically defined using the 5th percentile of frequency distribution of daily mean temperatures over the winter months. According to conditional logistic regression controlling for time-varying and time-invariant confounders, each additional cold spell day during the week preceding AMI increased the risk of AMI by 5% (95% CI 1-9%). For nonfatal and fatal cases, the risk increase per each additional cold spell day was 5% (95% CI 1-9%) and 6% (95% CI - 2-13%), respectively. The effect estimate was greater for men (OR 1.07, 95% CI 1.02-1.12) than for women (OR 1.02, 95% CI 0.97-1.08), but there was no evidence of effect modification by age. Evidence on factors increasing susceptibility is critical for targeted cold weather planning."
12912809,2003,Circulation,10.1161/01.CIR.0000085992.67380.7B,Seasonal variation of fibrinogen in dipper and nondipper hypertensive patients.,"A seasonal variation with higher values in winter has been previously reported in plasma fibrinogen, a recognized marker of the potential risk of myocardial infarction and stroke. The lack of nocturnal decline in blood pressure has also been associated with an increase in cardiovascular events. Accordingly, we have compared the yearly variation of plasma fibrinogen in dipper and nondipper hypertensive patients. We studied 1006 stage 1 to 2 hypertensive patients (482 men and 524 women, 53.0+/-13.4 years of age). Blood pressure was measured every 20 minutes during the day and every 30 minutes at night for 48 consecutive hours. Physical activity was simultaneously evaluated at 1-minute intervals with a wrist actigraph. A blood sample was collected on the same day before starting blood pressure monitoring. The circannual variation of fibrinogen was established for all patients as well as for subgroups of dippers and nondippers (n=513; nocturnal blood pressure decline <10%) by multiple-component analysis. For the whole group of patients, fibrinogen was characterized by a highly significant seasonal variation (P<0.001) with a mean value of 318 mg/dL, double circannual amplitude (extent of predictable change along the year) of 40 mg/dL, and time of peak value in February. Throughout the year, the nondippers showed higher plasma fibrinogen levels than did the dippers (P<0.001). The elevated plasma fibrinogen levels in nondipper patients appear to be directly related to their increased risk in vascular events, which are more prominent during the late winter months."
36651684,2023,American journal of human biology : the official journal of the Human Biology Council,10.1002/ajhb.23867,Cardiovascular diseases display etiological and seasonal trend in human population: Evidence from seasonal cardiovascular comorbid diseases (SCCD) index.,"Seasonal changes in the human cardiovascular system are known to play an important role in the onset of many diseases. Confounding variables include behavioral and environmental factors; failing to address such variables makes measuring the true temporal impact of these diseases difficult. On the other hand, numerous clinical studies imply that only specific groups of people are more seasonal sensitive and that their maladaptation might contribute to various illnesses. As a result, it is critical to evaluate the etiological and seasonal sensitive patterns of cardiovascular diseases (CVD), which impact the majority of the human population. The hypothesis for this study formulated that cardiovascular and associated illnesses had substantial connections with seasonal and etiological variations. Thus in the present study, 4519 systematic screen-eligible studies were analyzed using data mining to uncover 852 disease association relationships between cardiovascular and associated disorders. A disease ontology-based semantic similarity network (DSN) analysis was performed to narrow down the identified CVDs. Further, topological analysis was used to predict the seven CVDs, including myocardial infarction (MI), in three clusters. Following that, Mann-Kendall and Cox-Stuart analyses were used to investigate the seasonal sensitivity and temporal relationship of these seven CVDs. Finally, temporal relationships were confirmed using LOESS and TBATS, as well as seasonal breakdown utilizing autocorrelation and fast Fourier transform results. The study provides indirect evidence of a severe etiological association among the three cardiovascular diseases, including MI, atrial fibrillation, and atherosclerosis, which are winter season sensitive in most of the world population. Hypertension has two seasonal falls and peaks due to its seasonal nature, that is, summer and winter hypertension. While, heart failure was also identified, with minor temporal trends. Hence, all five diseases could be classified as seasonal cardiovascular comorbid diseases (SCCD). Furthermore, these diseases could be studied for potential common risk factors such as biochemical, genetic, and physiological factors."
33967090,2021,Zhong nan da xue xue bao. Yi xue ban = Journal of Central South University. Medical sciences,10.11817/j.issn.1672-7347.2021.190588,Cognition and progress of de Winter electrocardiogram pattern.,"The de Winter electrocardiogram pattern is an acute ST-segment elevation myocardial infarction equivalent, however this specific electrocardiogram change is easily ignored by clinicians. The de Winter electrocardiogram pattern in patients with acute chest pain mostly indicates sub-complete or complete occlusion of the left anterior descending or the diagonal branch. Patients with acute chest pain and such electrocardiographic finding should undergo emergency coronary angiography immediately to determine the coronary condition, and reperfusion therapy should be performed as soon as possible to reduce the incidence of adverse cardiovascular events."
34331920,2021,Environmental research,10.1016/j.envres.2021.111691,Extreme temperature exposure and acute myocardial infarction: Elevated risk within hours?,"Day-to-day change in ambient temperature is associated with acute myocardial infarction (AMI) attacks, but evidence is scarce about the effects of extreme temperatures on the risk of AMI within hours of exposure. This study investigated the hour-level associations between extreme temperatures and AMI occurrence. State-wide data on AMI patients and temperature during winter and summer of 2013-2015 were obtained for Queensland state of Australia. We employed a fixed time-stratified case-crossover analysis to quantify the risk of AMI associated with temperature within 24 h after exposure. Subgroups analyses by age, gender and disease history were also conducted. We observed a very acute effect of cold on men (occurred 9-10 h after exposure), women (19-22 h after exposure), and the elderly (4-20 h after exposure). Cold was associated with elevated AMI risk for men within 9 h (OR = 2.1, 95 % CI: 1.2-3.6), women within 19 h (OR = 2.5, 95 % CI: 1.0-6.0), and the elderly within 4 h (OR: 2.0, 95 % CI: 1.0-4.0). However, elevated risk of AMI associated with heat occurred 15 h later for men (OR: 3.9; 95 % CI: 1.1-13.9) and 23 h later for adults (OR: 4.1, 95 % CI: 1.1-15.4). People never suffered AMI and the elderly with diabetes or hyperlipidaemia were particularly vulnerable to cold. Those that were particularly vulnerable to heat were men never experienced AMI or having hypertension or having hyperlipidaemia as well as women ever suffered AMI. Effects of temperature on AMI risk at sub-daily timescales should be considered to prevent cardiac events."
19829175,2009,Cardiology in review,10.1097/CRD.0b013e3181bdba75,Triggers and the onset of acute myocardial infarction.,"The onset of acute myocardial infarction (AMI) is a complex interplay of internal circadian factors and external physical and emotional triggers. These interactions may lead to rupture of an often nonocclusive vulnerable atherosclerotic coronary plaque with subsequent formation of an occlusive thrombus. The onset of AMI has a distinct pattern, with peak incidence within the first few hours after awakening, on certain days of the week, and in the winter months. Physical and emotional stresses are important triggers of acute cardiovascular events including AMI. Triggering events, internal changes, and external factors vary among different geographical, environmental, and ethnic regions. Life-style changes, pharmacotherapy, and psychologic interventions may potentially modify the response to, and protect against the effects of triggering events."
38246275,2025,Hellenic journal of cardiology : HJC = Hellenike kardiologike epitheorese,10.1016/j.hjc.2024.01.006,Seasonal Variation in Sudden Cardiac Death: Insights from a Large United Kingdom Registry.,"Sudden cardiac death (SCD) is relatively common and may occur in apparently healthy individuals. The role of seasonal variation as a risk factor for SCD is poorly understood. The aim of this study was to investigate whether SCD exhibits a predilection for specific seasons. We reviewed a database of 4751 cases of SCD (mean age 38 ± 17 years) referred to our Center for Cardiac Pathology at St George's University of London between 2000 and 2018. Clinical information was obtained from referring coroners who were asked to complete a detailed questionnaire. All cases underwent macroscopic and histological evaluation of the heart, by expert cardiac pathologists. SCD was more common during winter (26%) and rarer during summer (24%), p = 0.161. Significant seasonal variation was not observed among cases of sudden arrhythmic death syndrome (SADS, 2910 cases) in which the heart is structurally normal. In contrast, a significant difference in seasonal distribution among decedents exhibiting cardiac structural abnormalities at the post-mortem examination (n = 1841) was observed. In this subgroup, SCDs occurred more frequently during winter (27 %) compared to summer (22%) (p = 0.007). In cases diagnosed with a myocardial disease (n = 1399), SCD was most common during the winter (27%) and least common during the summer (22%) (p = 0.027). While SADS occurs throughout the year with no seasonal variation, SCD due to structural heart disease appears to be more common during the winter. Bio-meteorological factors may be potential triggers of SCD in individuals with an underlying structural cardiac abnormality."
36991066,2023,Hypertension research : official journal of the Japanese Society of Hypertension,10.1038/s41440-023-01248-4,Cardiovascular physiological effects of balneotherapy: focused on seasonal differences.,"Hot water bathing has been demonstrated to be an effective way to improve people's cardiovascular health in many studies. This study focused on seasonal physiological changes to provide suggestions on bathing methods based on season for hot spring bathing. Volunteers were recruited to the program of hot spring bathing at 38-40 °C in New Taipei City. Cardiovascular function, blood oxygen, and ear temperature were observed. There were five assessments for each participant during the study process: baseline, bathing for 20 min and 2 cycles *20 (2*20) min, resting for 20 min and 2*20 min after bathing, respectively. Lower blood pressure (p < 0.001), pulse pressure (p < 0.001), left ventricular dP/dt Max (p < 0.001), and cardiac output (p < 0.05) were identified after bathing then rested for 2*20 min in four seasons, compared to baseline by paired T test. However, in multivariate linear regression model, potential risk for bathing in summer was assumed by higher heart rate (+28.4%, p < 0.001), cardiac output (+54.9%, p < 0.001) and left ventricular dP/dt Max (+27.6%, p < 0.05) during bathing at 2*20 min in summer. Potential risk for bathing in winter was postulated by blood pressure lowering (cSBP -10.0%; cDBP -22.1%, p < 0.001) during bathing at 2*20 min in winter. Hot spring bathing is shown to potentially improve cardiovascular function via reducing cardiac workload and vasodilation effects. Prolonged hot spring bathing in summer is not suggested due to significantly increased cardiac stress. In winter, prominent drop of blood pressure should be concerned. We demonstrated the study enrollment, the hot-spring contents and location, and physiological changes of general trends or seasonal variations, which may indicate potential benefits and risks during and after bathing. (Abbreviations: BP, blood pressure; PP, pulse pressure; LV, left ventricular; CO, cardiac output; HR, heart rate; cSBP, central systolic blood pressure; cDBP, central diastolic blood pressure)."
30429541,2019,Hypertension research : official journal of the Japanese Society of Hypertension,10.1038/s41440-018-0136-z,Health effects of seasonal variation in cardiovascular hemodynamics among workers in forest environments.,"Seasonal variation in cardiovascular functions (CVFs) associated with climatic changes is an important emerging public health issue. The objectives of this study were to demonstrate seasonal variation in CVFs by comparing intra-individual differences between winter and summer among people working in a forest environment and to discuss the possible mechanisms accounting for the health effects of seasonal variation in cardiovascular hemodynamics. A total of 72 staff members of the Experimental Forest of National Taiwan University were recruited for continuous health monitoring during two seasons to investigate the intra-individual seasonal variation in CVFs, complete blood counts, and biochemical examinations. CVFs were assessed by measuring the arterial pressure waveform by a cuff sphygmomanometer using an oscillometric blood pressure device, and aortic stiffness was measured by brachial-ankle pulse wave velocity (baPWV). The results showed that cholesterol levels, white and red blood cell counts, and platelet counts were higher in winter than in summer. Subjects showed not only higher vascular stress, as indicated by higher levels of brachial systolic and diastolic blood pressure (SBP and DBP), central end-SBP and DBP, systemic vascular resistance (SVR), and baPWV, but also lower cardiac activities, including lower levels of heart rate, left ventricular contractility, and cardiac output in winter than in summer. The central and brachial BP, cardiac output, SVR, and baPWV were significantly associated with temperature changes in seasonal variation after controlling related confounding factors. This study provides evidence of higher vascular stress and susceptibility to atherothrombosis during winter compared with summer."
41305336,2025,"Pathogens (Basel, Switzerland)",10.3390/pathogens14111098,Eighteen Years of Human Rhinovirus Surveillance in the Republic of Korea (2007-2024): Age- and Season-Specific Trends from a Single-Center Study with Public Health Implications.,"Human rhinovirus (HRV) is the most common cause of upper respiratory tract infections and can cause substantial morbidity in children. Because its clinical features are nonspecific, differentiation from influenza virus and respiratory syncytial virus is often difficult, underscoring the diagnostic importance of real-time reverse transcriptase polymerase chain reaction (Real-Time RT-PCR)-based detection. This study aimed to characterize long-term epidemiological patterns of HRV in the Republic of Korea and assess their clinical and public health implications. We retrospectively analyzed 23,284 nasopharyngeal swab specimens collected between 2007 and 2024 from outpatients and inpatients presenting with influenza-like illness at a tertiary care hospital. HRV RNA was detected by Real-Time RT-PCR, and positivity rates were compared by year, month, and age group. Annual detection peaked in 2015 (31.3%) and 2016 (28.6%), then dropped sharply during the COVID-19 pandemic (2020-2021, 4.2-11.0%) and remained low through 2024. Seasonally, rates were highest in July (24.4%) and September (24.1%) and lowest in January (6.9%). Age-specific analysis showed peak positivity in children (26.1%) and infants (20.3%), with lower rates in adults (3.9%) and older adults (3.3%). These findings underscore the diagnostic value of HRV detection and provide evidence for pediatric-focused prevention, outbreak preparedness, and climate-informed surveillance strategies."
31483570,2019,ESC heart failure,10.1002/ehf2.12506,Impact of environmental factors on heart failure decompensations.,"Heart failure (HF) is a clinical syndrome caused by a structural and/or functional cardiac abnormality, resulting in a reduced cardiac output and/or elevated intracardiac pressures at rest or during stress. This disease often causes decompensations, which may lead to hospital admissions, deteriorating patients' quality of life and causing an increment on the healthcare cost. Environmental exposure is an important but underappreciated risk factor contributing to the development and severity of cardiovascular diseases, such as HF. We used two different sets of data (January 2012 to August 2017): one related to the number of hospital admissions and the other one related to the environmental factors (weather and air quality). Admissions related data were grouped in weeks, and then two different studies were performed: (i) a univariate regression to determine whether the admissions may influence future hospitalizations prediction and (ii) a multivariate regression to determine the impact of environmental factors on admission rates. A total number of 8338 hospitalizations of 5343 different patients are available in this dataset, with a mean of 4.02 admissions per day. In European warm period (from June to October), there are significant less admissions than that in the cold period (from December to March), with a clear seasonality of admissions, because there is a similar pattern every year. Air temperature is the most significant environmental factor (r = -0.3794, P < 0.001) related to HF hospital admissions, showing an inversed correlation. Some other attributes, such as precipitation (r = 0.0795, P = 0.05), along with SO2 (precursor of acid rain) (r = 0.2692, P < 0.001) and NOX air (major air pollutant formed by combustion systems and motor vehicles) (r = 0.2196, P < 0.001) quality parameters, are also relevant. Humidity and PM10 parameters do not have significant correlations in this study (r = 0.0469 and r = -0.0485 respectively), neither relevant P-values (P = 0.238 and P = 0.324, respectively). Several environmental factors, such as weather temperature and precipitation, and major air pollutants, such as SO2 and NOX air, have an impact on the HF-related hospital admissions rate and, hence, on HF decompensations and patient's quality of life."
26921740,2016,Journal of clinical virology : the official publication of the Pan American Society for Clinical Virology,10.1016/j.jcv.2016.02.014,Pulmonary and extrapulmonary complications of human rhinovirus infection in critically ill patients.,"Human rhinovirus (HRV) is frequently detected in patients with respiratory tract infection. However, the full clinical spectrum of HRV infection in critically ill patients is not well characterized. To evaluate the clinical and virological characteristics of critically ill patients with HRV infection. HRV-specific reverse transcription-polymerase chain reaction (RT-PCR) was performed on nasopharyngeal aspirate (NPA) specimens from 294 adult patients who required admission into the intensive care unit (ICU). Clinical characteristics were analyzed. HRV genotyping using the 5'UTR-VP4-VP2 region was performed. HRV was detected in NPA specimens of 22 patients (7.5%) by RT-PCR. Dyspnea was the most common presenting symptom (16/22; 72.7%), but seizure also occurred in 5 (22.7%) patients. Exacerbation of underlying disease occurred in 12 (54.5%) patients. Four (18.2%) patients died, and HRV was considered to play a role as the cause of death in 3 patients. Thirteen (59.1%) patients had pneumonia, and the most common radiological finding was consolidation (6/13; 46.2%). Streptococcus pneumoniae was the most common co-pathogen among patients with pneumonia. Among the 9 patients without pneumonia, 3 patients had exacerbation of underlying lung diseases, 3 patients had acute pulmonary edema, 2 patients with diabetes mellitus had acute complications from poor glycemic control, and 1 patient had status epilepticus. HRV-A was the most common species (64.3%), but there was no clear relationship between HRV species and clinical presentation. Both pulmonary and extrapulmonary complications of HRV were common in critically ill patients."
22578087,2012,"Clinical and experimental hypertension (New York, N.Y. : 1993)",10.3109/10641963.2012.681086,Daily serial hemodynamic data during pregnancy and seasonal variation: the BOSHI study.,"Although there are some reports that low plasma volume or increased cardiac output is associated with developing preeclampsia, there are few reports of daily serial hemodynamic data during pregnancy. A total of 37,092 home blood pressure (BP) and heart rate (HR) measurements were obtained from 425 normal pregnant women. Heart rate and shock index (SI) gradually increased by gestational week 32 and then decreased, whereas double product (DP) increased linearly during pregnancy. Although systolic BP and DP were consistently and negatively correlated with daily minimum outside temperature, HR and SI were positively correlated with minimum outside temperature in summer."
21348956,2011,Clinical and translational science,10.1111/j.1752-8062.2010.00257.x,"Impact of pollution, climate, and sociodemographic factors on spatiotemporal dynamics of seasonal respiratory viruses.","Seasonal viruses present a major cause of morbidity and mortality in temperate climates. Through major pandemics and smaller annual epidemics, viruses such as influenza, respiratory syncytial virus (RSV) and human rhinovirus (HRV) result in lost school and work days for most that are infected and more serious complications for the immunocompromised. The reasons for these viruses showing strict seasonality include but are not limited to the influence of cold weather and humidity on virus particles, human physiology, and human behavior. The relative importance of each is dependent on what geographic scale is being explored as well as the individual region and time period. Theoretical mathematics has also revealed that climatic changes are likely not the only reasons for strong seasonal cycles, but these are also based in periodic resonance with the natural cycles of immunity and antigenic variance, as well as nationwide synchrony through transportation networks. Investigations of seasonality will aid in understanding disease transmission, and thereby effective prevention strategies. The authors present a review of the literature on seasonal viruses, their annual diffusion through populations, and factors that reduce or enhance their seasonal spread. They also offer suggestions for targeted interventions to reduce the disease burden from seasonal viruses."
37964991,2023,Influenza and other respiratory viruses,10.1111/irv.13212,"Interactions among acute respiratory viruses in Beijing, Chongqing, Guangzhou, and Shanghai, China, 2009-2019.","A viral infection can modify the risk to subsequent viral infections via cross-protective immunity, increased immunopathology, or disease-driven behavioral change. There is limited understanding of virus-virus interactions due to lack of long-term population-level data. Our study leverages passive surveillance data of 10 human acute respiratory viruses from Beijing, Chongqing, Guangzhou, and Shanghai collected during 2009 to 2019: influenza A and B viruses; respiratory syncytial virus A and B; human parainfluenza virus (HPIV), adenovirus, metapneumovirus (HMPV), coronavirus, bocavirus (HBoV), and rhinovirus (HRV). We used a multivariate Bayesian hierarchical model to evaluate correlations in monthly prevalence of test-positive samples between virus pairs, adjusting for potential confounders. Of 101,643 lab-tested patients, 33,650 tested positive for any acute respiratory virus, and 4,113 were co-infected with multiple viruses. After adjusting for intrinsic seasonality, long-term trends and multiple comparisons, Bayesian multivariate modeling found positive correlations for HPIV/HRV in all cities and for HBoV/HRV and HBoV/HMPV in three cities. Models restricted to children further revealed statistically significant associations for another ten pairs in three of the four cities. In contrast, no consistent correlation across cities was found among adults. Most virus-virus interactions exhibited substantial spatial heterogeneity. There was strong evidence for interactions among common respiratory viruses in highly populated urban settings. Consistent positive interactions across multiple cities were observed in viruses known to typically infect children. Future intervention programs such as development of combination vaccines may consider spatially consistent virus-virus interactions for more effective control."
28231259,2017,PloS one,10.1371/journal.pone.0172550,Impact of seasonality and air pollutants on carotid-femoral pulse wave velocity and wave reflection in hypertensive patients.,"The effects of seasonality on blood pressure (BP) and cardiovascular (CV) events are well established, while the influence of seasonality and other environmental factors on arterial stiffness and wave reflection has never been analyzed. This study evaluated whether seasonality (daily number of hours of light) and acute variations in outdoor temperature and air pollutants may affect carotid-femoral pulse wave velocity (PWV) and pressure augmentation. 731 hypertensive patients (30-88 years, 417 treated) were enrolled in a cross-sectional study during a 5-year period. PWV, central BP, Augmentation Index (AIx) and Augmentation Pressure (AP) were measured in a temperature-controlled (22-24°C) room. Data of the local office of the National Climatic Data Observatory were used to estimate meteorological conditions and air pollutants (PM10, O3, CO, N2O) exposure on the same day. PWV (mean value 8.5±1.8 m/s) was related to age (r = 0.467, p<0.001), body mass index (r = 0.132, p<0.001), central systolic (r = 0.414, p<0.001) and diastolic BP (r = 0.093, p = 0.013), daylight hours (r = -0.176, p<0.001), mean outdoor temperature (r = -0.082, p = 0.027), O3 (r = -0.135, p<0.001), CO (r = 0.096, p = 0.012), N2O (r = 0.087, p = 0.022). In multiple linear regression analysis, adjusted for confounders, PWV remained independently associated only with daylight hours (β = -0.170; 95% CI: -0.273 to -0.067, p = 0.001). No significant correlation was found between pressure augmentation and daylight hours, mean temperature or air pollutants. The relationship was stronger in untreated patients and women. Furthermore, a positive, independent association between O3 levels and PWV emerged in untreated patients (β: 0.018; p = 0.029; CI: 0.002 to 0.034) and in women (β: 0.027; p = 0.004; CI: 0.009 to 0.045). PWV showed a marked seasonality in hypertensive patients. Environmental O3 levels may acutely reduce arterial stiffness in hypertensive women and in untreated patients."
38543769,2024,Viruses,10.3390/v16030404,Changes in Prevalence and Seasonality of Pathogens Identified in Acute Respiratory Tract Infections in Hospitalised Individuals in Rural and Urban Settings in South Africa; 2018-2022.,"Severe acute respiratory tract infections (SARIs) has been well described in South Africa with seasonal patterns described for influenza and respiratory syncytial virus (RSV), while others occur year-round (rhinovirus and adenovirus). This prospective syndromic hospital-based surveillance study describes the prevalence and impact of public interventions on the seasonality of other respiratory pathogens during the coronavirus disease-19 (COVID-19) pandemic. This occurred from August 2018 to April 2022, with 2595 patients who met the SARS case definition and 442 controls, from three sentinel urban and rural hospital sites in South Africa. Naso/oro-pharyngeal (NP/OP) swabs were tested using the FastTrack Diagnostics® Respiratory pathogens 33 (RUO) kit. Descriptive statistics, odds ratios, and univariate/multivariate analyses were used. Rhinovirus (14.80%, 228/1540) and Streptococcus pneumoniae (28.50%, 439/1540) were most frequently detected in NP/OP swabs and in children <1 years old (35%, 648/1876). Among others, pathogens associated with SARI cases causing disease were influenza A&B, HRV, RSV, hCoV 229e, Haemophilus influenzae, Staphylococcus aureus, and Streptococcus pneumoniae. Pre-COVID-19, seasonal trends of these pathogens correlated with previous years, with RSV and influenza A seasons only resuming after the national lockdown (2021). It is evident that stringent lockdown conditions have severe impacts on the prevalence of respiratory tract infections."
27061822,2016,Journal of medical virology,10.1002/jmv.24544,"Etiology, seasonality, and clinical characterization of viral respiratory infections among hospitalized children in Beirut, Lebanon.","Acute respiratory tract viral infections occur worldwide and are one of the major global burdens of diseases in children. The aim of this study was to determine the viral etiology of respiratory infections in hospitalized children, to understand the viral seasonality in a major Lebanese hospital, and to correlate disease severity and the presence of virus. Over a 1-year period, nasal and throat swabs were collected from 236 pediatric patients, aged 16-year old or less and hospitalized for acute respiratory illness. Samples collected were tested for the presence of 17 respiratory viruses using multiplex real-time RT-PCR. Pathogens were identified in 165 children (70%) and were frequently observed during fall and winter seasons. Co-infection was found in 37% of positive samples. The most frequently detected pathogens were human Rhinovirus (hRV, 23%), Respiratory Syncytial Virus (RSV, 19%), human Bocavirus (hBov, 15%), human Metapneumovirus (hMPV, 10%), and human Adenovirus (hAdV, 10%). A total of 48% of children were diagnosed with bronchiolitis and 25% with pneumonia. While bronchiolitis was often caused by RSV single virus infection and hAdV/hBoV coinfection, pneumonia was significantly associated with hBoV and HP1V1 infections. No significant correlation was observed between a single viral etiology infection and a specific clinical symptom. This study provides relevant facts on the circulatory pattern of respiratory viruses in Lebanon and the importance of using PCR as a useful tool for virus detection. Early diagnosis at the initial time of hospitalization may reduce the spread of the viruses in pediatric units. J. Med. Virol. 88:1874-1881, 2016. © 2016 Wiley Periodicals, Inc."
27916571,2017,Jornal de pediatria,10.1016/j.jped.2016.07.004,Impact and seasonality of human rhinovirus infection in hospitalized patients for two consecutive years.,"To report epidemiological features, clinical characteristics, and outcomes of human rhinovirus (HRV) infections in comparison with other community acquired respiratory virus (CRV) infections in patients hospitalized for two consecutive years. This was a cross-sectional study. Clinical, epidemiological, and laboratory data of patients hospitalized with acute respiratory syndrome in a tertiary care hospital from 2012 to 2013 were reviewed. HRV was the most common CRV observed (36%, 162/444) and was present in the majority of viral co-detections (69%, 88/128), mainly in association with human enterovirus (45%). Most HRV-infected patients were younger than 2 years (57%). Overall, patients infected with HRV had a lower frequency of severe acute respiratory infection than those infected with other CRVs (60% and 84%, respectively, p=0.006), but had more comorbidities (40% and 27%, respectively; p=0.043). However, in the adjusted analysis this association was not significant. The mortality rate within the HRV group was 3%. Detection of HRV was more prevalent during autumn and winter, with a moderately negative correlation between viral infection frequency and temperature (r=-0.636, p<0.001) but no correlation with rainfall (r=-0.036, p=0.866). HRV is usually detected in hospitalized children with respiratory infections and is often present in viral co-detections. Comorbidities are closely associated with HRV infections. These infections show seasonal variation, with predominance during colder seasons."
25000832,2014,BMC infectious diseases,10.1186/1471-2334-14-373,"Viral etiology and seasonality of influenza-like illness in Gabon, March 2010 to June 2011.","Surveillance of influenza-like illness (ILI) in Central Africa began only recently, and few data are therefore available on the circulation of influenza virus and other respiratory viruses. In Gabon, a Central African country, we established a surveillance network in four major towns in order to analyze cases of ILI among patients who visited health centers between March 2010 and June 2011, and to determine the viral etiology. Nasal swabs were sent for analysis to the Centre International de Recherches Médicales de Franceville, where they were screened for 17 respiratory viruses in a multiplex real-time reverse transcription polymerase chain reaction for all pathogens according the following pairs: adenovirus/parainfluenza virus 4, respiratory syncytial virus/human metapneumovirus, parainfluenza virus 1/parainfluenza virus 2, pandemic influenza virus A/seasonal influenza virus A (H1N1, H3N2)/seasonal influenza virus B, human coronaviruses 229E/OC43, human coronaviruses NL63/HKU1, rhinovirus/human parechovirus, and enterovirus/parainfluenza virus 3. We analyzed a total of 1041 specimens, of which 639 (61%) were positive for at least one virus. Three-quarters of the patients were children under five years old. We therefore focused on this age group, in which 68.1% of patients were positive for at least one virus. The most common viruses were adenoviruses (17.5%), followed by parainfluenza viruses (PIVs) 1-4 (16.8%), enteroviruses (EV) (14.7%), respiratory syncytial virus (RSV) (13.5%), and influenza virus (11.9%). The prevalence of some viruses was subject to geographic and seasonal variations. One-third of positive samples contained more than one virus. Like most studies in the world, the virus PIVs, EV, RSV, Influenza virus, HRV were predominant among children under five years old in Gabon. An exception is made for adenoviruses which have a high prevalence in our study. However adenoviruses can be detected in asymptomatic persons. These finding gave a better knowledge of the circulation and the seasonality of the viruses involved in ILI in Gabon."
24153354,2014,Paediatrics and international child health,10.1179/2046905513Y.0000000101,"Human rhino- and enteroviruses in children with respiratory symptoms in Luanda, Angola.","The role of human rhinoviruses (HRV) and human enteroviruses (HEV) in common colds, as well as their seasonality, remains largely unknown in tropical environments. The study aimed to define the frequency and clinical features of HRV and HEV in children with respiratory symptoms in tropical Africa during autumn and winter. Clinical data and PCR assays of nasopharyngeal swabs (NPS) were collected from 67 (66%) children with and 35 (34%) children without chronic illnesses who were attending different outpatient clinics at a paediatric tertiary-care hospital in Luanda, Angola. Thirty-six (35%) children had HIV infection, and 27 (26%) were malnourished. Thirty-seven (36%) out of 102 NPS specimens were virus-positive: 34 (33%) for HRV and 10 (10%) for HEV. Seven (7%) had co-infection. The highest HRV-positivity rate (47%) occurred in July (P = 0·02), a mid-winter month with high relative humidity but no precipitation. Virus positivity was associated with younger age (median 36 vs 52 months, P = 0·02) but not with specific symptoms or findings. HRVs play a major role in young children's respiratory infections in urban tropical Angola during autumn and winter. A better understanding is required of the seasonality and clinical outcomes of these viruses in children living in resource-poor tropical countries."
25216653,2015,Lupus,10.1177/0961203314551811,"Association between low 25-hydroxyvitamin D, insulin resistance and arterial stiffness in nondiabetic women with systemic lupus erythematosus.","The objective of this paper is to examine if there is an association between low levels of 25-hydroxyvitamin D (25(OH)D) and insulin resistance (IR) in nondiabetic women with systemic lupus erythematosus (SLE) and to evaluate its impact on arterial stiffness. In this cross-sectional study 25(OH)D, insulin, insulin resistance measured by the homeostatic model assessment (HOMA-IR), homocysteine, fibrinogen, characteristics of SLE, medications and pulse-wave velocity (PWV) were measured in 106 nondiabetic women with SLE and 101 matched controls. Women with SLE tended to have lower 25(OH)D levels (p = 0.078) and a higher frequency of 25(OH)D deficiency (defined as < 10 ng/ml) than controls (p = 0.058). Patients from the lowest quartile of the 25(OH)D range had higher PWV (p = 0.043), fasting glucose (p = 0.035), insulinemia (p ≤ 0.001), HOMA-IR (p = 0.006), C4 (p = 0.012), as well as more frequent IR (p = 0.002) and metabolic syndrome (p = 0.052) than those in the upper quartile, and no differences were found in age, body mass index (BMI), blood pressure, lipid levels and renal function. In women with SLE, 25(OH)D inversely correlated with insulin (p = 0.006), HOMA-IR (p = 0.008) and C4 (p = 0.048) and tended to correlate with fibrinogen (p = 0.060) after adjustment for BMI, age, SLEDAI, prednisone dose, renal function, inflammation markers and seasonal variation, but not with PWV. In controls, 25(OH)D correlated only with homocysteine after the same adjustment, and the correlation with PWV tended to be significant after adjustment for BMI and age (r = -0.190, p = 0.10). Low 25(OH)D levels were found to be associated with increased IR in nondiabetic women with SLE independently of BMI. Low 25(OH)D levels, but not IR, could be associated with increased arterial stiffness in these patients."
39772198,2024,Viruses,10.3390/v16121892,"Seasonal Shifts in Influenza, Respiratory Syncytial Virus, and Other Respiratory Viruses After the COVID-19 Pandemic: An Eight-Year Retrospective Study in Jalisco, Mexico.","The coronavirus disease 2019 (COVID-19) pandemic profoundly disrupted the epidemiology of respiratory viruses, driven primarily by widespread non-pharmaceutical interventions (NPIs) such as social distancing and masking. This eight-year retrospective study examines the seasonal patterns and incidence of influenza virus, respiratory syncytial virus (RSV), and other respiratory viruses across pre-pandemic, pandemic, and post-pandemic phases in Jalisco, Mexico. Weekly case counts were analyzed using an interrupted time series (ITS) model, segmenting the timeline into these three distinct phases. Significant reductions in respiratory virus circulation were observed during the pandemic, followed by atypical resurgences as NPIs were relaxed. Influenza displayed alternating subtype dominance, with influenza A H3 prevailing in 2022, influenza B surging in 2023, and influenza A H1N1 increasing thereafter, reflecting potential immunity gaps. RSV activity was marked by earlier onset and higher intensity post-pandemic. Other viruses, including human rhinovirus/enterovirus (HRV/HEV) and parainfluenza virus (HPIV), showed altered dynamics, with some failing to return to pre-pandemic seasonality. These findings underscore the need for adaptive surveillance systems and vaccination strategies to address evolving viral patterns. Future research should investigate the long-term public health implications, focusing on vaccination, clinical outcomes, and healthcare preparedness."
30900750,2019,Journal of medical virology,10.1002/jmv.25464,Incidence and seasonality of respiratory viruses causing acute respiratory infections in the Northern United Arab Emirates.,"The data on the seasonality of respiratory viruses helps to ensure the optimal vaccination period and to monitor the possible outbreaks of variant type. This study was designed to describe the molecular epidemiology and seasonality of acute respiratory infection (ARI)-related respiratory viruses in the United Arab Emirates (UAE). Both upper and lower respiratory specimens were collected for the analysis from all the patients who visited the Sheikh Khalifa Specialty Hospital (SKSH) with ARI for over 2 years. The multiplex real-time reverse transcription polymerase chain reaction (rRT-PCR) test was used to detect respiratory viruses, which include human adenovirus, influenza virus (FLU) A and B, respiratory syncytial virus, parainfluenza viruses, human rhinovirus (HRV), human metapneumovirus, human enterovirus, human coronavirus, and human bocavirus. A total of 1,362 respiratory samples were collected from 733 (53.8%) male and 629 (46.2%) female patients with ARI who visited the SKSH between November 2015 and February 2018. The rRT-PCR test revealed an overall positivity rate of 37.2% (507/1362). The positive rate increased during winter; it was highest in December and lowest in September. FLU was the most frequently detected virus (273/1362 [20.0%]), followed by human rhinovirus (146/1362 [10.7%]). The FLU positivity rate showed two peaks, which occurred in August and December. The peak-to-low ratio for FLU was 2.26 (95% confidence interval: 1.52-3.35). The pattern of FLU in the UAE parallels to that of temperate countries. The trend of the small peak of FLU in the summer suggests a possibility of semi-seasonal pattern in the UAE."
28719323,2017,The American journal of tropical medicine and hygiene,10.4269/ajtmh.17-0032,Burden and Seasonality of Viral Acute Respiratory Tract Infections among Outpatients in Southern Sri Lanka.,"In tropical and subtropical settings, the epidemiology of viral acute respiratory tract infections varies widely between countries. We determined the etiology, seasonality, and clinical presentation of viral acute respiratory tract infections among outpatients in southern Sri Lanka. From March 2013 to January 2015, we enrolled outpatients presenting with influenza-like illness (ILI). Nasal/nasopharyngeal samples were tested in duplicate using antigen-based rapid influenza testing and multiplex polymerase chain reaction (PCR) for respiratory viruses. Monthly proportion positive was calculated for each virus. Bivariable and multivariable logistic regression were used to identify associations between sociodemographic/clinical information and viral detection. Of 571 subjects, most (470, 82.3%) were ≥ 5 years of age and 53.1% were male. A respiratory virus was detected by PCR in 63.6% (N = 363). Common viral etiologies included influenza (223, 39%), human enterovirus/rhinovirus (HEV/HRV, 14.5%), respiratory syncytial virus (RSV, 4.2%), and human metapneumovirus (hMPV, 3.9%). Both ILI and influenza showed clear seasonal variation, with peaks from March to June each year. RSV and hMPV activity peaked from May to July, whereas HEV/HRV was seen year-round. Patients with respiratory viruses detected were more likely to report pain with breathing (odds ratio [OR] = 2.60, P = 0.003), anorexia (OR = 2.29, P < 0.001), and fatigue (OR = 2.00, P = 0.002) compared with patients with no respiratory viruses detected. ILI showed clear seasonal variation in southern Sri Lanka, with most activity during March to June; peak activity was largely due to influenza. Targeted infection prevention activities such as influenza vaccination in January-February may have a large public health impact in this region."
20041158,2009,PloS one,10.1371/journal.pone.0008518,"Genetics, recombination and clinical features of human rhinovirus species C (HRV-C) infections; interactions of HRV-C with other respiratory viruses.","To estimate the frequency, molecular epidemiological and clinical associations of infection with the newly described species C variants of human rhinoviruses (HRV), 3243 diagnostic respiratory samples referred for diagnostic testing in Edinburgh were screened using a VP4-encoding region-based selective polymerase chain reaction (PCR) for HRV-C along with parallel PCR testing for 13 other respiratory viruses. HRV-C was the third most frequently detected behind respiratory syncytial virus (RSV) and adenovirus, with 141 infection episodes detected among 1885 subjects over 13 months (7.5%). Infections predominantly targeted the very young (median age 6-12 months; 80% of infections in those <2 years), occurred throughout the year but with peak incidence in early winter months. HRV-C was detected significantly more frequently among subjects with lower (LRT) and upper respiratory tract (URT) disease than controls without respiratory symptoms; HRV-C mono-infections were the second most frequently detected virus (behind RSV) in both disease presentations (6.9% and 7.8% of all cases respectively). HRV variants were classified by VP4/VP2 sequencing into 39 genotypically defined types, increasing the current total worldwide to 60. Through sequence comparisons of the 5'untranslated region (5'UTR), the majority grouped with species A (n = 96; 68%, described as HRV-Ca), the remainder forming a phylogenetically distinct 5'UTR group (HRV-Cc). Multiple and bidirectional recombination events between HRV-Ca and HRV-Cc variants and with HRV species A represents the most parsimonious explanation for their interspersed phylogeny relationships in the VP4/VP2-encoding region. No difference in age distribution, seasonality or disease associations was identified between HRV-Ca and HRV-Cc variants. HRV-C-infected subjects showed markedly reduced detection frequencies of RSV and other respiratory viruses, providing evidence for a major interfering effect of HRV-C on susceptibility to other respiratory virus infections. HRV-C's disease associations, its prevalence and evidence for interfering effects on other respiratory viruses mandates incorporation of rhinoviruses into future diagnostic virology screening."
30409046,2019,"Clinical and experimental hypertension (New York, N.Y. : 1993)",10.1080/10641963.2018.1539092,Seasonal variation of novel arterial stiffness indexes in Japanese hypertensive patients.,"Background and Objective: Seasonal variation of blood pressure (BP) is well known, and a relationship between increases in BP and the incidence of cardiovascular accidents (CVAs) in the winter has been reported. Parameters of arterial stiffness may exhibit seasonal variation; however, available data are currently limited. Novel arterial stiffness indexes, namely the arterial velocity pulse index (AVI) and arterial pressure-volume index (API), can be determined through usual maneuver for BP measurement during the regular examination in the outpatient clinic.The present study assessed the seasonal variation of AVI and API in 59 hypertensive patients undergoing stable treatment and regularly visiting our outpatient clinic over a period of 30 months. Methods: BP, pulse rate (PR), AVI, and API were measured using the AVE-1500 (Pasesa) in the sitting position. Six time frames of assessment were established. All measurements (average: 17.9 measurements per person) were sorted using these six time frames, and their averages were used for analysis. Results: Significant seasonal variations in PR (P < 0.001) and AVI (P < 0.001), along with weak variation in systolic BP (SBP) (P = 0.047) and marginal variation in API (P = 0.055), were confirmed by repeated analysis of variance. SBP, API, and PR were decreased, whereas AVI was increased in the summer. Coefficient variations were SBP 5.1%, PR 4.9%, AVI 12.6%, and API 10.6%. Conclusion: AVI was associated with reflected wave like as augmentation index. Thus, a high AVI may suggest increased central wave reflection. Although the significance of seasonal variation of AVI remains unknown, AVI may influence seasonal variations in the incidence of CVA."
32278934,2020,International journal of infectious diseases : IJID : official publication of the International Society for Infectious Diseases,10.1016/j.ijid.2020.04.008,"Molecular epidemiology of influenza, RSV, and other respiratory infections among children in Qatar: A six years report (2012-2017).","Studies on the etiology of respiratory infections among children in Qatar and surrounding countries are limited. To describe the prevalence and seasonality of RSV, influenza, and other respiratory pathogens among children in Qatar. We retrospectively collected and analyzed data of 33,404 children (<15 years) presented with influenza-like illness from 2012 to 2017. At least one respiratory pathogen was detected in 26,138 (78%) of patients. Together, human rhinoviruses (HRV), respiratory syncytial virus (RSV), and influenza viruses comprised nearly two-thirds of all cases, affecting 24%, 19.7%, and 18.5%, respectively. A prevalence of 5-10% was recorded for adenovirus, parainfluenza viruses (PIVs), human bocavirus (HboV), and human coronaviruses (HCoVs). Human metapneumovirus (HMPV), enteroviruses, M. pneumonia, and parechovirus had prevalences below 5%. While RSV, influenza, and HMPV exhibited strong seasonal activity in the winter, HRV was active during low RSV and influenza circulation. The burden of RSV exceeds that of influenza among young age groups, whereas influenza correlated positively with age. Further, HRV, adenovirus, influenza, and RSV infection rates varied significantly between male and females. This comprehensive multi-year study provides insights into the etiology of ILI among children in Qatar, which represents the Gulf region. Our results reinforce the significance of active surveillance of respiratory pathogens to improve infection prevention and control strategies, particularly among children."
38769924,2024,Journal of Korean medical science,10.3346/jkms.2024.39.e171,Epidemiology of Respiratory Viruses in Korean Children Before and After the COVID-19 Pandemic: A Prospective Study From National Surveillance System.,"The coronavirus disease 2019 (COVID-19) pandemic led to a decrease in the seasonal incidence of many respiratory viruses worldwide due to the impact of nonpharmaceutical interventions (NPIs). However, as NPI measures were relaxed, respiratory viral infections re-emerged. We aimed to characterize the epidemiology of respiratory viruses in Korean children during post-COVID-19 pandemic years compared to that before the pandemic. A nationwide prospective ongoing surveillance study has been conducted for detection of respiratory viruses between January 2017 and June 2023. We included data on adenovirus (AdV), human bocavirus (HBoV), human coronavirus (HCoV), human metapneumovirus (HMPV), human rhinovirus (HRV), influenza virus (IFV), parainfluenza virus (PIV), and respiratory syncytial virus (RSV), which were detected in children and adolescents younger than 20 years. We analyzed the weekly detection frequency of individual viruses and the age distribution of the affected children. The study period was divided into prepandemic (2017-2019) and postpandemic (2021-2023) periods. A total of 19,589 and 14,068 samples were collected in the pre- and postpandemic periods, respectively. The overall detection rate of any virus throughout the study period was 63.1%, with the lowest occurring in the 2nd half of 2020 (50.6%) and the highest occurring in the 2nd half of 2021 (72.3%). Enveloped viruses (HCoV, HMPV, IFV, PIV, and RSV) almost disappeared, but nonenveloped viruses (AdV, HBoV, and HRV) were detected even during the peak of the COVID-19 pandemic. The codetection rate increased from 15.0% prepandemic to 19.1% postpandemic (P < 0.001). During the postpandemic period, a large out-of-season PIV and HMPV epidemic occurred, but the usual seasonality began to be restored in 2023. The mean age of children with each virus detected in 2023 was significantly greater than that in prepandemic years (P = 0.003 and 0.007 for AdV and HCoV, respectively; P < 0.001 for others). The mean age of children with IFV increased in 2022 (11.1 ± 5.2 years) from prepandemic years (7.9 ± 4.6 years) but decreased to 8.7 ± 4.1 years in 2023. With the relaxation of NPI measures, several seasonal respiratory viruses cocirculated with unusual seasonal epidemic patterns and were associated with increasing age of infected children."
38290012,2024,The Libyan journal of medicine,10.1080/19932820.2024.2307679,The role of human rhinovirus in COPD exacerbations in Abu Dhabi: molecular epidemiology and clinical significance.,"This study aimed to describe the molecular epidemiology and seasonality of human rhinovirus (HRV) in chronic obstructive pulmonary disease (COPD) and its association with COPD exacerbations in Abu Dhabi, the United Arab Emirates (UAE). Sputum specimens were collected for analysis from all COPD patients who visited a medical center from November 2021 to October 2022. The real-time quantitative polymerase chain reaction (qPCR) test was used to detect HRV. Of the 78 COPD patients included in the study, 58 (74%) patients presented with one or more exacerbation episodes. The incidence of COPD exacerbation peaked over the winter and substantially decreased during the summer. HRV positivity in patients during exacerbation (E1) was 11/58 (19%) and 15/58 (26%) two weeks after the exacerbation episode (E2). There was no significant difference in the HRV load in these patients. No statistically significant difference was observed in the detection of HRV during exacerbation compared to patients with stable COPD. This is the first study to assess the association between HRV detection by qPCR and COPD exacerbations in the UAE. The high sensitivity of the detection technology helped collect reliable epidemiologic data. Few studies have provided similar Middle East data. This study's pattern of COPD exacerbations and HRV detection parallels that of temperate countries. This information can help with future, more extensive surveillance of respiratory viruses in the UAE and the Middle East and their association with COPD exacerbations."
34350701,2021,Influenza and other respiratory viruses,10.1111/irv.12893,Upsurge of human rhinovirus infection followed by a delayed seasonal respiratory syncytial virus infection in Thai children during the coronavirus pandemic.,"Respiratory syncytial virus (RSV) and human rhinovirus (HRV) commonly cause influenza-like illness in young children. The global coronavirus pandemic beginning in 2020 altered the seasonality and prevalence of these respiratory infections in Thailand. We aimed to characterize the upsurge of HRV and the subsequent RSV infection observed among young children who sought medical care at a hospital in Bangkok. From July to December 2020, nasopharyngeal swabs from children ≤5 years of age presented with influenza-like illness were tested for RSV and HRV using reverse-transcription polymerase chain reaction. Positive samples were Sanger sequenced. Genotyping was performed using sequence and phylogenetic analysis. Upsurge of HRV infection began in July and was subsequently replaced by a surge of RSV infection from September onward. In 6 months, HRV was detected in 27.5% (158/574) of the samples, of which 44% (69/158) were HRV-A, 7% (11/158) were HRV-B, and 36% (57/158) were HRV-C. Meanwhile, RSV was detected in 40.4% (232/574) of the samples, of which 78% (181/232) were RSV-A and 6% (14/232) were RSV-B. RSV peaked in October 2020, approximately 2 months later than typically seen in previous years. All RSV-A were of subgenotype ON1. Codetection of HRV and RSV was found in 5.1% (29/574). HRV and RSV infection among young children coincided with relaxed local coronavirus public health measures, including the return to in-class schooling. The delayed RSV season in 2020 was predominantly associated with RSV-A."
23625169,2013,Medical microbiology and immunology,10.1007/s00430-013-0296-z,Molecular epidemiology and genetic diversity of human rhinovirus affecting hospitalized children in Rome.,"Human rhinoviruses (HRV) have been re-classified into three species (A-C), but the recently discovered HRV-C strains are not fully characterized yet. This study aimed to undertake a molecular and epidemiological characterization of HRV strains infecting children hospitalized over one year in two large research hospitals in Rome. Nasal washings from single HRV infections were retrospectively subjected to phylogenetic analysis on two genomic regions: the central part of the 5'Untranslated Region (5'UTR) and the Viral Protein (VP) 4 gene with the 5' portion of the VP2 gene (VP4/2). Forty-five different strains were identified in 73 HRV-positive children: 55 % of the cases were HRV-A, 38 % HRV-C and only 7 % HRV-B. HRV-C cases were less frequent than HRV-A during summer months and more frequent in cases presenting wheezing with respect to HRV-A. Species distribution was similar with respect to patient age, and seasonality differed during summer months with fewer HRV-C than HRV-A cases. On admission, a significantly higher number of HRV-C cases presented with wheezing with respect to HRV-A. The inter- and intra-genotype variability in VP4/2 was higher than in 5'UTR; in particular, HRV-A patient VP4/2 sequences were highly divergent (8-14 %) at the nucleotide level from those of their reference strains, but VP4 amino acid sequence was highly conserved. In HRV-C isolates, the region preceding the initiator AUG, the amino acids involved in VP4 myristoylation, the VP4-VP2 cleavage site and the cis-acting replication element were highly conserved. Differently, VP4 amino acid conservation was significantly lower in HRV-C than in HRV-A strains, especially in the transiently exposed VP4 N-terminus. This study confirmed the high number of different HRV genotypes infecting hospitalized children over one year and reveals a greater than expected variability in HRV-C VP4 protein, potentially suggestive of differences in replication."
29488229,2018,Journal of medical virology,10.1002/jmv.25069,Nation-wide surveillance of human acute respiratory virus infections between 2013 and 2015 in Korea.,"The prevalence of eight respiratory viruses detected in patients with acute respiratory infections (ARIs) in Korea was investigated through analysis of data recorded by the Korea Influenza and Respiratory Viruses Surveillance System (KINRESS) from 2013 to 2015. Nasal aspirate and throat swabs specimens were collected from 36 915 patients with ARIs, and viral nucleic acids were detected by real-time (reverse-transcription) polymerase chain reaction for eight respiratory viruses, including human respiratory syncytial viruses (HRSVs), influenza viruses (IFVs), human parainfluenza viruses (HPIVs), human coronaviruses (HCoVs), human rhinovirus (HRV), human adenovirus (HAdV), human bocavirus (HBoV), and human metapneumovirus (HMPV). The overall positive rate of patient specimens was 49.4% (18 236/36 915), 5% of which carried two or more viruses simultaneously. HRV (15.6%) was the most predominantly detected virus, followed by IFVs (14.6%), HAdV (7.5%), HPIVs (5.8%), HCoVs (4.2%), HRSVs (3.6%), HBoV (1.9%), and HMPV (1.6%). Most of the ARIs were significantly correlated with clinical symptoms of fever, cough, and runny nose. Although HRV and HAdV were frequently detected throughout the year in patients, other respiratory viruses showed apparent seasonality. HRSVs and IFVs were the major causative agents of acute respiratory diseases in infants and young children. Overall, this study demonstrates a meaningful relationship between viral infection and typical manifestations of known clinical features as well as seasonality, age distribution, and co-infection among respiratory viruses. Therefore, these data could provide useful information for public health management and to enhance patient care for primary clinicians."
37851974,2024,The Pediatric infectious disease journal,10.1097/INF.0000000000004139,"Human Rhinovirus as a Cause of Fever in Neonates and Young Infants During the COVID-19 Pandemic, 2020-2022.","Human rhinovirus (HRV) was predominant and persistent during the coronavirus disease 2019 (COVID-19) pandemic despite nonpharmaceutical interventions. The data whether HRV persistence also occurred in neonates and young infants were very limited. This prospective observational study was conducted in Niigata, Japan, between January 2020 and September 2022. The participants were hospitalized neonates and infants less than 4 months of age with fever. We excluded patients with evidence of bacterial infection or obvious sick contact with influenza or respiratory syncytial virus infection, as confirmed by rapid antigen detection tests. COVID-19 diagnosed by polymerase chain reaction (PCR) or rapid antigen detection tests were also excluded. Parechovirus and enterovirus were examined by PCR using serum and/or cerebrospinal fluid. FilmArray Respiratory Panel v1.7 was conducted on nasopharyngeal swabs. If HRV was positive, the genotype was identified. We included 72 patients (median age, 54 days; interquartile range, 28.5-79 days), and sepsis was diagnosed in 31 (43.1%) patients. In total, 27 (37.5%) patients had had positive multiplex PCR tests. These patients were more likely to have rhinorrhea ( P  = 0.004), cough ( P  = 0.01), and sick contact ( P  < 0.001) than those who with negative multiplex PCR. HRV was the most frequently detected virus (n = 23, 85.2%), and species A (n = 15, 71.4%) and C (n = 6, 28.6%) were genotyped. No seasonality or monthly predominance of the specific HRV types was observed. HRV was an important cause of fever in neonates and young infants during the COVID-19 pandemic, 2020 to 2022."
29976175,2018,BMC pediatrics,10.1186/s12887-018-1203-y,"Epidemiology and clinical characteristics of acute respiratory tract infections among hospitalized infants and young children in Chengdu, West China, 2009-2014.","Acute respiratory infection (ARI) is the leading cause of morbidity and mortality in pediatric patients worldwide and imposes an intense pressure on health care facilities. Data on the epidemiology profiles of ARIs are scarce in the western and rural areas of China. The purpose of the current study is to provide data on the presence of potential pathogens of ARIs in hospitalized children in Chengdu, west China. Respiratory specimens were obtained from hospitalized patients (under 6 years old) with ARIs in a local hospital in Chengdu. Eight respiratory viruses were identified by PCR and 6 respiratory bacteria by biochemical reactions and Analytical Profile Index (API). Pathogens profiles, clinical characteristics and seasonality were analyzed. Fifty-one percent of patients were identified with at least one respiratory pathogen. Human rhinovirus (HRV) (23%), Respiratory syncytial virus (RSV) (22.7%) was the most commonly identified viruses, with Klebsiella pneumoniae (11.5%) the most commonly identified bacterium in the study. The presences of more than one pathogen were found, and multiple viral, bacterial, viral/bacterial combinations were identified in 14.9, 3.3 and 13.9% of patients respectively. Respiratory viruses were identified throughout the year with a seasonal peak in December-February. Pathogens profiles and clinical associations were different between infants (< 1 year of age) and older children (> 1 year of age). Infants with ARIs were more likely to have one or more viruses than older children. Infants identified with multiple pathogens had significantly higher proportions of tachypnea than infants that were not. This study demonstrated that viral agents were frequently found in hospitalized children with ARI in Chengdu during the study period. This study gives us better information on the pathogen profiles, clinical associations, co-infection combinations and seasonal features of ARIs in hospitalized children, which is important for diagnoses and treatment of ARIs, as well as implementation of vaccines in this area. Moreover, future efforts in reducing the impact of ARIs will depend on programs in which available vaccines, especially vaccines on RSV, HRV and S. pneumoniae could be employed in this region and new vaccines could be developed against common pathogens."
33771128,2021,BMC infectious diseases,10.1186/s12879-021-05996-x,Viral etiology and epidemiology of pediatric patients hospitalized for acute respiratory tract infections in Macao: a retrospective study from 2014 to 2017.,"Acute respiratory infections (ARIs) are among the leading causes of hospitalization in children. Understanding the local dominant viral etiologies is important to inform infection control practices and clinical management. This study aimed to investigate the viral etiology and epidemiology of respiratory infections among pediatric inpatients in Macao. A retrospective study using electronic health records between 2014 and 2017 at Kiang Wu Hospital was performed. Nasopharyngeal swab specimens were obtained from hospitalized children aged 13 years or younger with respiratory tract diseases. xMAP multiplex assays were employed to detect respiratory agents including 10 respiratory viruses. Data were analyzed to describe the frequency and seasonality. Of the 4880 children enrolled in the study, 3767 (77.1%) were positive for at least one of the 13 viral pathogens tested, of which 2707 (55.5%) being male and 2635 (70.0%) under 2 years old. Among the positive results, there were 3091 (82.0%) single infections and 676 (18.0%) multiple infections. The predominant viruses included human rhinovirus/enterovirus (HRV/EV 27.4%), adenovirus (ADV, 15.8%), respiratory syncytial virus B (RSVB, 7.8%) and respiratory syncytial virus A (RSVA, 7.8%). The detection of viral infection was the most prevalent in autumn (960/1176, 81.6%), followed by spring (1095/1406, 77.9%), winter (768/992, 77.4%), and summer (944/1306, 72.3%), with HRV/EV and ADV being most commonly detected throughout the 4 years of study period. The detection rate of viral infection was highest among ARI patients presented with croup (123/141, 87.2%), followed by lower respiratory tract infection (1924/2356, 81.7%) and upper respiratory tract infection (1720/2383, 72.2%). FluA, FluB and ADV were positive factors for upper respiratory tract infections. On the other hand, infection with RSVA, RSVB, PIV3, PIV4, HMPV, and EV/RHV were positively associated with lower respiratory tract infections; and PIV1, PIV2, and PIV3 were positively associated with croup. This is the first study in Macao to determine the viral etiology and epidemiology of pediatric patients hospitalized for ARIs. The study findings can contribute to the awareness of pathogen, appropriate preventative measure, accurate diagnosis, and proper clinical management of respiratory viral infections among children in Macao."
28301570,2017,PloS one,10.1371/journal.pone.0173504,Human metapnuemovirus infections in hospitalized children and comparison with other respiratory viruses. 2005-2014 prospective study.,"Human metapneumovirus (HMPV) has an important etiological role in acute lower respiratory infections in children under five years. Our objectives were to estimate the relative contribution of HMPV to hospitalization in children with acute respiratory infection, to define the clinical and epidemiological features of HMPV single and multiple infections, and to compare HMPV infections with respiratory syncytial virus (HRSV), rhinovirus (HRV), adenovirus and human bocavirus infections in the same population. A prospective study performed on all children less than 14 years of age with a respiratory tract disease admitted to a secondary hospital between September 2005- June 2014. Clinical characteristics of patients were analyzed. Nasopharyngeal aspirate was taken at admission for viral study with polymerase chain reaction for 16 respiratory viruses. A total of 3,906 children were included. At least one respiratory virus was detected in 75.2% of them. The most common identified virus was HRSV, followed by HRV. HMPV was detected in 214 cases (5.5%); 133 (62%) were single infections and the remaining were detected in coinfection with other viruses. 90.7% cases were detected between February and May. Children's mean age was 13.83 ± 18 months. Fever was frequent (69%), and bronchiolitis (27%), and recurrent wheezing (63%) were the main clinical diagnosis. Hypoxia was present in 65% of the patients and 47% of them had an infiltrate in X-ray. Only 6 (2.8%) children were admitted to the intensive care unit. Only the duration of the hospitalization was different, being longer in the coinfections group (p <0.05). There were many differences in seasonality and clinical characteristics between HMPV and other respiratory viruses being more similar to HRSV. HMPV infections accounted for 5.5% of total viral infections in hospitalized children. The clinical characteristics were similar to HRSV infections, but seasonality and clinical data were different from other viral infections."
35770661,2022,"Hypertension (Dallas, Tex. : 1979)",10.1161/HYPERTENSIONAHA.122.19494,Seasonal Variation in Day-by-Day Home Blood Pressure Variability and Effect on Cardiovascular Disease Incidence.,"Although day-by-day home blood pressure (BP) variability (BPV) has been associated with cardiovascular disease (CVD) risk, it remains unclear whether this association differs from season to season. The present study aimed to assess seasonal variation in day-by-day home BP variability and its association with CVD risk. We analyzed the data from a nationwide, prospective observational study, the J-HOP study (Japan Morning Surge-Home Blood Pressure), in which 14 consecutive days of home BP monitoring were conducted. The values of SD (SDsystolic BP [SBP]), coefficient of variationSBP, and average real variabilitySBP of home SBP were used as indices of day-by-day home BPV. Among 4231 participants (mean age, 64.9±10.9 years, 46.7% male, 91.5% hypertensives), all 3 day-by-day home BPV indices were lower in summer than winter after adjusting for confounding factors. In winter, SDSBP, coefficient of variationSBP, and average real variabilitySBP were significantly associated with increased risk of CVD events (coronary artery disease, stroke, heart failure, and aortic dissection; adjusted hazard ratio [95%CI] per 1-SD of SDSBP, 1.26 [1.02-1.54]; coefficient of variationSBP, 1.24 [1.02-1.52]; average real variabilitySBP, 1.44 [1.17-1.77]). These relationships were also observed in the analysis of quartiles of BPV parameters (adjusted hazard ratio [95%CI] compared to the first quartile, fourth quartile of SDSBP 2.26 [1.06-4.85]; coefficient of variationSBP 2.96 [1.43-6.15]; average real variabilitySBP 2.73 [1.25-5.93]). In other seasons, however, there were no significant associations between day-by-day home BPV and CVD event risk. Our findings indicate that day-by-day home BPV measured in winter is more strongly associated with future CVD incidence than that measured in other seasons."
35229615,2022,Journal of the American Heart Association,10.1161/JAHA.121.022625,Impact of the COVID-19 Pandemic on Patients Without COVID-19 With Acute Myocardial Infarction and Heart Failure.,"Background Excess mortality from cardiovascular disease during the COVID-19 pandemic has been reported. The mechanism is unclear but may include delay or deferral of care, or differential treatment during hospitalization because of strains on hospital capacity. Methods and Results We used emergency department and inpatient data from a 12-hospital health system to examine changes in volume, patient age and comorbidities, treatment (right- and left-heart catheterization), and outcomes for patients with acute myocardial infarction (AMI) and heart failure (HF) during the COVID-19 pandemic compared with pre-COVID-19 (2018 and 2019), controlling for seasonal variation. We analyzed 27 427 emergency department visits or hospitalizations. Patient volume decreased during COVID-19 for both HF and AMI, but age, race, sex, and medical comorbidities were similar before and during COVID-19 for both groups. Acuity increased for AMI as measured by the proportion of patients with ST-segment elevation. There were no differences in right-heart catheterization for patients with HF or in left heart catheterization for patients with AMI. In-hospital mortality increased for AMI during COVID-19 (odds ratio [OR], 1.46; 95% CI, 1.21-1.76), particularly among the ST-segment-elevation myocardial infarction subgroup (OR, 2.57; 95% CI, 2.24-2.96), but was unchanged for HF (OR, 1.02; 95% CI, 0.89-1.16). Conclusions Cardiovascular volume decreased during COVID-19. Despite similar patient age and comorbidities and in-hospital treatments during COVID-19, mortality increased for patients with AMI but not patients with HF. Given that AMI is a time-sensitive condition, delay or deferral of care rather than changes in hospital care delivery may have led to worse cardiovascular outcomes during COVID-19."
32579238,2020,Pacing and clinical electrophysiology : PACE,10.1111/pace.13995,Circadian variation and seasonal distribution of implantable defibrillator detected new onset atrial fibrillation.,"We aimed to characterize the hourly, daily, and seasonally variations in the detection of new atrial fibrillation (AF) in heart failure patients implanted with a defibrillator. In 1309 patients enrolled in MADIT-RIT without AF at baseline, atrial arrhythmia data were analyzed from device interrogations. The circadian, weekly, and seasonal distribution of device detected AF was evaluated. The morning period was defined as 06:00-11:59, afternoon as 12:00-16:59, evening as 17:00-22:59, and the nighttime as 23:00-05:59. During 17 months of follow-up, 66 (5%) patients developed new device-detected AF. AF patients were less likely to have ischemic cardiomyopathy and were more likely to have received an implantable cardioverter defibrillator rather than a cardiac resynchronization therapy with defibrillator. The highest number of AF occurred during the evening hours (25 patients [38%]) followed by a second peak in AF detection during the afternoon hours (21 patients [32%]). Importantly during the nighttime, new AF occurred only in three patients (4%). In comparison with the nighttime period, the odds ratio (OR) of developing AF during the evening time period was 8.5-fold higher (95% CI 7.3-9.7, P < .01). Detection of AF during the spring and winter seasons accounted for 67% of all new device-detected AF. There is diurnal and seasonal variation in new onset AF. A double peak in the incidence of AF is observed during the afternoon and evening hours, and during the spring and winter seasons. This information may be useful when deciding when to screen at-risk patients for new AF."
33577810,2021,The American journal of cardiology,10.1016/j.amjcard.2021.01.019,The Impact of Environmental Factors on the Mortality of Patients With Chronic Heart Failure.,"Outcomes of acute heart failure hospitalizations are worse during the winter than the rest of the year. Seasonality data are more limited for outcomes in chronic heart failure and the effect of environmental variables is unknown. In this population-level study, we merged 20-year data for 555,324 patients with heart failure from the national Veterans Administration database with data on climate from the National Oceanic and Atmospheric Administration and air pollutants by the Environmental Protection Agency. The outcome was the all-cause mortality rate, stratified by geographical location and each month. The impact of environmental factors was assessed through Pearson's correlation and multiple regression with a family-wise α = 0.05. The monthly all-cause mortality was 13.9% higher in the winter than the summer, regardless of gender, age group, and heart failure etiology. Winter season, lower temperatures, and higher concentrations of nitrogen dioxide were associated with a higher mortality rate in multivariate analysis of the overall population. Different environmental factors were associated in regions with similar patterns of temperature and precipitation. The only environmental factor associated with the mortality rate of patients dwelling in large urban centers was the air quality index. In conclusion, the mortality in chronic heart failure exhibits a seasonal pattern, regardless of latitude or climate. In this group of patients, particularly those of male gender, a higher mortality was associated with environmental factors and incorporating these factors in treatment plans and recommendations could have a favorable cost-benefit ratio."
10411853,1999,Circulation,10.1161/01.cir.100.3.280,Seasonal variation in chronic heart failure hospitalizations and mortality in France.,"Circannual variation in blood pressure and in the incidence of acute myocardial infarction is well known but has not been investigated in chronic heart failure. This report describes and compares the seasonal variation of chronic heart failure hospitalizations and mortality in the French population. All deaths that occurred among French adults over the period 1992 to 1996 (n=138 602) and all discharges by adults in French public hospitals for chronic heart failure over the period 1995 to 1997 (n=324 013) were examined retrospectively. First, chronic heart failure deaths in France occurred with a striking annual periodicity and peaked in winter (December through January), both in the overall population and in subgroups defined by age (>44 years old) and sex. The distribution of cumulative monthly deaths differed by nearly 35%, ranging from a peak of 20% above average in January to 15% below average in August (Roger's test: P<0.001). Second, hospitalizations for chronic heart failure in French public hospitals followed a similar seasonal pattern (P<0.001), with a winter-spring predominance (+7% to +10% from December through April). Third, for persons >/=85 years old, excess hospitalizations occurred earlier in the year, with marked synchronized peaks in January for both mortality and hospitalizations (P<0.001). Clear seasonal variations in adult chronic heart failure hospitalizations and deaths were identified. The considerable economic impact on health care services warrants further epidemiological investigations and a more comprehensive approach to disease management."
35882597,2022,Revista clinica espanola,10.1016/j.rceng.2022.05.005,Hospitalizations due to and with chronic obstructive pulmonary disease in Galicia: 20 years of evolution.,"This work aims to analyze the evolution of COPD-related hospitalizations in Galicia from 1996 to 2018 both as main cause of admission (DUE TO COPD) or when coded in any diagnostic order (WITH COPD), assessing the influence of age, sex, seasonality, and other main causes of the hospitalization. An analysis was conducted of administrative healthcare database (CMBD) data on index COPD-related hospitalizations in Galicia from 1996 to 2018. Crude, specific, and standardized rates were calculated for the entire sample and according to age and sex groups. In the period from 1996 to 2018, there were 310,883 index admissions WITH COPD in Galicia, of which 29.6% were DUE TO COPD. Both WITH COPD and DUE TO COPD admission rates increased, mainly in men. There was a clear seasonality that was especially relevant in the DUE TO COPD group. The mean male-to-female ratio was approximately 4:1 in both groups, although it was lower in the extreme age groups, with no change over time. The mean age at admission increased three years in men during this period; there were no changes among women. The main causes of admission in those not hospitalized DUE TO COPD were heart failure and pneumonia. The combined evaluation of records of hospital admissions WITH COPD and DUE TO COPD offers additional information for a better understanding of the trends of this disease and allows for establishing hypotheses that explain the results described, providing information for better healthcare planning."
1797411,1991,Chronobiology international,10.3109/07420529109059165,"Circadian, weekly, and seasonal variations in cardiac mortality, blood pressure, and catecholamine excretion.","Time of occurrence of cardiac death due to arrhythmia, heart failure, or acute myocardial infarction was recorded in 86 elderly subjects, belonging to a group in whom circadian and circannual rhythms in blood pressure and urinary catecholamine excretion had been studied previously. All patients were retired, with no work responsibilities, and lived--closely-supervised in a home for the aged--on a routine that provided little differences between weekdays and weekends. Cardiac mortality showed a circadian variation, with a peak in the early morning hours, coinciding with the circadian peak in systolic and diastolic blood pressures. A weekly (circaseptan) variation in cardiac mortality was found, with the greatest number of patients dying on Mondays and the least on Thursdays. There were seasonal differences in cardiac mortality, with a peak in July and a broader peak during the cold season (December to February). The former coincides with the circannual peak in diastolic blood pressure, but is unrelated to the seasonal variation in norepinephrine excretion. Circadian, circaseptan, and circannual variations in cardiac mortality appear to be the expression of time-dependent, transient risk states for catastrophic cardiac events, which may lend themselves to preventive treatment."
29300764,2018,PloS one,10.1371/journal.pone.0190733,Increased hospitalizations for decompensated heart failure and acute myocardial infarction during mild winters: A seven-year experience in the public health system of the largest city in Latin America.,"In high-income temperate countries, the number of hospitalizations for heart failure (HF) and acute myocardial infarction (AMI) increases during the winter. This finding has not been fully investigated in low- and middle-income countries with tropical and subtropical climates. We investigated the seasonality of hospitalizations for HF and AMI in Sao Paulo (Brazil), the largest city in Latin America. This was a retrospective study using data for 76,474 hospitalizations for HF and 54,561 hospitalizations for AMI obtained from public hospitals, from January 2008 to April 2015. The average number of hospitalizations for HF and AMI per month during winter was compared to each of the other seasons. The autoregressive integrated moving average (ARIMA) model was used to test the association between temperature and hospitalization rates. The highest average number of hospital admissions for HF and AMI per month occurred during winter, with an increase of up to 30% for HF and 16% for AMI when compared to summer, the season with lowest figures for both diseases (respectively, HF: 996 vs. 767 per month, p<0.001; and AMI: 678 vs. 586 per month, p<0.001). Monthly average temperatures were moderately lower during winter than other seasons and they were not associated with hospitalizations for HF and AMI. The winter season was associated with a greater number of hospitalizations for both HF and AMI. This increase was not associated with seasonal oscillations in temperature, which were modest. Our study suggests that the prevention of cardiovascular disease decompensation should be emphasized during winter even in low to middle-income countries with tropical and subtropical climates."
30933856,2019,American heart journal,10.1016/j.ahj.2019.02.009,Randomized controlled trial of influenza vaccine in patients with heart failure to reduce adverse vascular events (IVVE): Rationale and design.,"Influenza is associated with an increase in the risk of cardiac and other vascular events. Observational data and small randomized trials suggest that influenza vaccination may reduce such adverse vascular events. In a randomized controlled trial patients with heart failure are randomized to receive either inactivated influenza vaccine or placebo annually for 3 years. Patients aged ≥18 years with a clinical diagnosis of heart failure and NYHA functional class II, III and IV are eligible. Five thousand patients from 10 countries where influenza vaccination is not common (Asia, the Middle East, and Africa) have been enrolled. The primary outcome is a composite of the following: cardiovascular death, non-fatal myocardial infarction, non-fatal stroke and hospitalizations for heart failure using standardized criteria. Analyses will be based on comparing event rates between influenza vaccine and control groups and will include time to event, rate comparisons using Poisson methods, and logistic regression. The analysis will be conducted by intention to treat i.e. patients will be analyzed in the group in which they were assigned. Multivariable secondary analyses to assess whether variables such as age, sex, seasonality modify the benefits of vaccination are also planned for the primary outcome. This is the largest randomized trial to test if influenza vaccine compared to control reduces adverse vascular events in high risk individuals. Clinicaltrials.govNCT02762851."
32047207,2020,Scientific reports,10.1038/s41598-020-59153-6,Seasonal variations in cause-specific mortality and transition to renal replacement therapy among patients with end-stage renal disease.,"Despite some studies showing seasonal variations in mortality and the transition to renal replacement therapy in patients with end-stage renal disease, detailed evidence is still scarce. We investigated seasonal variations in patients with end-stage renal disease using a large Japanese database for dialysis patients. We compared the fractions of all-cause and cause-specific mortality and the transition to renal replacement therapy among seasons and performed a mixed-effects Poisson regression analysis to compare the mortality among seasons after adjustment for some variables. The initiation of hemodialysis was highest in winter and lowest in summer. Seasonality in the initiation of peritoneal dialysis and transition to kidney transplantation differed from hemodialysis. All-cause mortality was highest in the winter and lowest in the summer. Death from coronary artery disease, heart failure, cerebral hemorrhage, and infectious pneumonia had similar seasonality, but death from cerebral infarction, septicemia, or malignant tumor did not have similar seasonality. In conclusion, the initiation of hemodialysis, all-cause mortality, and mortality from coronary heart disease, heart failure, cerebral hemorrhage, and infectious pneumonia were significantly highest in winter and lowest in summer. However, the initiation of peritoneal dialysis, transition to kidney transplantation, or mortality from cerebral infarction, septicemia, or malignant tumor did not have similar seasonal variations."
25421314,2015,Circulation journal : official journal of the Japanese Circulation Society,10.1253/circj.CJ-14-0710,Clinical scenario 1 is associated with winter onset of acute heart failure.,"Several reports have evaluated the association between seasonal variation and acute heart failure (AHF) onset. Cold weather may induce AHF, but the clinical characteristics of patients susceptible to AHF during winter have not been established. Clinical Scenario (CS) is used in the early clinical management of AHF, so we investigated the relationship between CS classification and winter onset of AHF in Japan. We enrolled 582 patients hospitalized for AHF and compared the frequency of AHF among the 4 seasons in each CS group to clarify the clinical characteristics of the winter onset group. Significant increase of AHF during winter was seen in CS1 (systolic blood pressure [SBP] (>140 mmHg) (P=0.01) but not in CS2 (SBP ≥ 100 and ≤ 140 mmHg) or CS3 (SBP <100 mmHg). CS1 patients were divided into winter and other season admission groups. In multivariate analysis, only lack of loop diuretic use was associated with winter admission of CS1 patients (odds ratio 0.562, 95% confidence interval: 0.256-0.798, P=0.006). Winter predominance of AHF was seen only in CS1, and lack of loop diuretic use was a risk factor for winter onset. Future studies are necessary to confirm whether loop diuretics are useful in preventing AHF with CS1 in winter."
25442978,2014,International journal of cardiology,10.1016/j.ijcard.2014.09.003,"Acute effect of ambient air pollution on heart failure in Guangzhou, China.","Heart failure (HF) is a global public health problem of increasing importance. The association between acute exposure to air pollution and HF has been well established in developed countries, but little evidence was available in developing countries where air pollution levels were much higher. We conducted a time-series study to investigate the short-term association between air pollution and overall emergency ambulance dispatches (EAD) due to HF in Guangzhou, China. Daily data of EAD due to HF from 1 January 2008 to 31 December 2012 were obtained from Guangzhou Emergency Center. We applied the over-dispersed Poisson generalized addictive model to analyze the associations after controlling for the seasonality, day of the week and weather conditions. We identified a total of 3375 EAD for HF. A 10-μg/m(3) increase in the present-day concentrations of particulate matter with an aerodynamic diameter of less than 10 μm, sulfur dioxide and nitrogen dioxide corresponded to increases of 3.54% [95% confidence interval (CI): 1.35%, 5.74%], 5.29% (95% CI: 2.28%, 8.30%) and 4.34% (95% CI: 1.71%, 6.97%) in daily EAD for HF, respectively. The effects of air pollution on acute HF were restricted on the concurrent day and in the cool seasons. Our results provided the first population-based evidence in Mainland China that outdoor air pollution could trigger the exacerbation of HF."
34089350,2021,International archives of occupational and environmental health,10.1007/s00420-021-01724-9,Short-term exposure to air pollution and hospital admission for heart failure among older adults in metropolitan cities: a time-series study.,"We aimed to investigate the association between air pollution concentration levels and hospital admissions for heart failure (HF) among older adults in metropolitan cities in South Korea. We used hospital admission data of 1.8 million older adults in seven metropolitan cities from 2008 to 2016, derived from the National Health Insurance Service of South Korea. Daily HF admission data were linked to air pollutants concentrations for the respective dates, including particulate matter less than 2.5 μm in size (PM2.5), 10 μm (PM10), sulfur dioxide (SO2), nitrogen dioxide (NO2), carbon monoxide (CO), and ozone. We estimated the association between air pollutants and daily HF admissions using quasi-Poisson generalized additive models for each city. During the study period, 142,490 hospital admissions for HF were noted. Increases of 10 μg/m3 of PM2.5 and PM10, and 10 ppb of SO2, NO2, and CO were associated with an increased risk of HF admission by 0.93% ([95% confidence intervals 0.51-1.36], 0.55% [0.31-0.80], 6.04% [2.15-10.08], 1.10% [0.38-1.82], and 0.05% [0.01-0.09]), respectively, on the same day. Increases in mean exposure to PM2.5, PM10, and SO2 for 8 days from the concurrent day were also significantly associated with HF admissions. During the warm season, the risk of HF admissions increased shortly after an increase in PM2.5, whereas prolonged effects were observed during the cold season. Our study suggests the adverse effects of air pollution on HF. Moreover, the evidence of seasonality may help tailor protection guidelines for older adults."
28865777,2017,Heart failure clinics,10.1016/j.hfc.2017.05.004,Seasonal Periodicity of Ischemic Heart Disease and Heart Failure.,"Seasonal variation for ischemic heart disease and heart failure is known. The interplay of environmental, biological, and physiologic changes is fascinating. This article highlights the seasonal periodicity of ischemic heart disease and heart failure and examines some of the potential reasons for these unique observations."
17687721,2007,Inhalation toxicology,10.1080/08958370701479406,"Air pollution and hospital admissions for congestive heart failure in a tropical city: Kaohsiung, Taiwan.","This study was undertaken to determine whether there was an association between air pollutant levels and hospital admissions for congestive heart failure (CHF) in Kaohsiung, Taiwan. Hospital admissions for CHF and ambient air pollution data for Kaohsiung were obtained for the period 1996-2004. The relative risk of hospital admission was estimated using a case-crossover approach, controlling for weather variables, day of the week, seasonality, and long-term time trends. In the single-pollutant models, on warm days (> 25 degrees C) statistically significant positive associations were found in all pollutants except sulfur dioxide (SO(2)). On cool days (< 25 degrees C), all pollutants were significantly associated with CHF admissions. For the two-pollutant model, CO and O(3) were significant in combination with each of the other four pollutants on warm days. On cool days, NO(2) remained statistically significant in all the two-pollutant models. This study provides evidence that higher levels of ambient air pollutants increase the risk of hospital admissions for CHF and that the effects of air pollutants on hospital admissions for CHF were temperature dependent."
31752330,2019,International journal of molecular sciences,10.3390/ijms20225811,"Correlation of Vitamin D with Inflammatory Cytokines, Atherosclerotic Parameters, and Lifestyle Factors in the Setting of Heart Failure: A 12-Month Follow-Up Study.","Vitamin D deficiency is highly prevalent worldwide. It has been associated with heart failure (HF) given its immunoregulatory functions. In-vitro and animal models have shown protective roles through mechanisms involving procollagen-1, JNK2, calcineurin/NFAT, NF-κB, MAPK, Th1, Th2, Th17, cytokines, cholesterol-efflux, oxLDL, and GLUT4, among others. A 12-month follow-up in HF patients showed a high prevalence of vitamin D deficiency, with no seasonal variation (64.7-82.4%). A positive correlation between serum 25(OH)D concentration and dietary intake of vitamin D-rich foods was found. A significant inverse correlation with IL-1β (R = -0.78), TNF-α (R = -0.53), IL-6 (R = -0.42), IL-8 (R = -0.41), IL-17A (R = -0.31), LDL-cholesterol (R = -0.51), Apo-B (R = -0.57), total-cholesterol (R = -0.48), and triglycerides (R = -0.32) was shown. Cluster analysis demonstrated that patients from cluster three, with the lowest 25(OH)D levels, presented the lowermost vitamin D intake, IL-10 (1.0 ± 0.9 pg/mL), and IL-12p70 (0.5 ± 0.4 pg/mL), but the highest TNF-α (9.1 ± 3.5 pg/mL), IL-8 (55.6 ± 117.1 pg/mL), IL-17A (3.5 ± 2.0 pg/mL), total-cholesterol (193.9 ± 61.4 mg/dL), LDL-cholesterol (127.7 ± 58.2 mg/dL), and Apo-B (101.4 ± 33.4 mg/dL) levels, compared with patients from cluster one. Although the role of vitamin D in the pathogenesis of HF in humans is still uncertain, we applied the molecular mechanisms of in-vitro and animal models to explain our findings. Vitamin D deficiency might contribute to inflammation, remodeling, fibrosis, and atherosclerosis in patients with HF."
15950571,2005,The American journal of cardiology,10.1016/j.amjcard.2005.02.014,"Absence of seasonal variation in myocardial perfusion, enzymatic infarct size, and mortality in patients with ST-segment elevation myocardial infarction treated with primary angioplasty.","The present study investigated any seasonal variation in myocardial perfusion, enzymatic infarct size, and 1-year mortality in 1,548 patients who underwent primary angioplasty for ST-segment elevation myocardial infarction. No seasonal variation was observed in patients' demographic and clinical characteristics. No difference was observed in the prevalence of heart failure at presentation and in myocardial perfusion, enzymatic infarct size, and 1-year mortality."
33962785,2021,Annales de cardiologie et d'angeiologie,10.1016/j.ancard.2021.04.002,"Seasonal variation of decompensated heart failure admissions and mortality rates in sub-Saharan Africa, Cameroon.","Epidemiological data of heart failure (HF) decompensation from the northern hemisphere suggests higher rates during winter. We aimed to explore the seasonal variation in decompensated HF admission and mortality rates in a country with equatorial climate. We conducted a retrospective cross-sectional study by chart review of the admission, discharge registries and patient files from 2016 to 2018 in the cardiology unit of the Yaoundé Central Hospital, Cameroon. Data was collected on HF morbidity and mortality from the registers and patients' files. Corresponding seasonal climatic data was obtained from the meteorology office of the Cameroonian ministry of transports. Analysis of variance and Chi-square test were respectively used to compare the continuous and categorical data between across seasons. Correlation between continuous data was assess with the Spearman correlation. Decompensated HF accounted for 636 (36.2%) out 1755 cardiology unit admission and an 18% lethality rate. Decompensated HF admission, mortality and lethality rates were respectively 38.2%, 6.7% and 17.9% higher during the long rainy season (all P values>0.05). We observed a borderline-to-significant inverse linear continuous correlation between monthly temperatures and admission rate (r=-0.301; P=0.070), lethality rate (r=-0.361; P=0.030) and mortality rate (r=-0.385; P=0.020). There was no significant difference of the distribution of precipitating factors between seasons. Although statistically insignificant, decompensated HF admissions and mortality increase in rainy season where the temperature is lower in an equatorial climate."
14999028,2004,"The journals of gerontology. Series A, Biological sciences and medical sciences",10.1093/gerona/59.2.m146,Elderly nursing home patients with congestive heart failure after myocardial infarction living in new york city have a higher prevalence of mortality in cold weather and warm weather months.,"Some studies have found an increase in cardiac events in the winter months. Other studies, from cities in the southern half of the United States, have shown an increase in cardiac events during the summer months. We investigated in a prospective study of 517 patients, mean age 81 +/- 8 years, with congestive heart failure (CHF) after prior myocardial infarction who died in a nursing home in New York City with 24-hour on-site physician coverage, whether there was a seasonal variation in mortality from CHF. The exact binomial test was used to see if the number of deaths from CHF in the cold weather and warm weather months was significantly different from those in the spring and fall. Of 517 patients who died, 321 deaths (62%) occurred during the months of December, January, February, March, July, and August, and 196 deaths (38%) occurred during the other 6 months (p <.0001). The number of deaths in patients with CHF after prior myocardial infarction in cold weather and warm weather months is significantly higher than those in spring and fall months (p <.0001)."
41718104,2026,"Medical sciences (Basel, Switzerland)",10.3390/medsci14010057,"Cardiovascular Complications of Seasonal Influenza in the Pre- and Post-COVID-19 Era: Epidemiology, Mechanisms, and Clinical Implications.","Influenza has long been a well-documented contributor to cardiovascular morbidity and mortality, particularly among high-risk groups. COVID-19 has notably altered the seasonality and natural history of pandemic influenza, with broad implications for related cardiac complications. This review examines the interaction between influenza and cardiovascular illness, especially myocardial infarction, congestive heart failure, stroke, and other acute cardiac events. We review the impact of the COVID-19 pandemic on influenza transmission dynamics, public health policy, and the evolving burden of cardiovascular complications. New evidence indicates that both diseases exacerbate endothelial dysfunction, systemic inflammation, and prothrombotic states, thereby increasing cardiovascular risk. A comparative analysis of pre- and post-COVID-19 influenza-related cardiac complications clarifies evolving trends and guides future preventive strategies. In light of the recent resurgence of influenza following the relaxation of COVID-19 mitigation measures, maximizing vaccine coverage and collaborating to manage viral infections in patients with cardiovascular disease are critical. This review focuses on key research needs to understand long-term cardiac consequences and the urgent requirement for targeted public health strategies to counter viral-mediated cardiovascular threats. In the post-COVID era, integrating influenza and COVID-19 vaccination strategies into cardiovascular risk management may represent a critical opportunity to reduce virus-triggered cardiovascular morbidity and mortality."
40436254,2025,Journal of stroke and cerebrovascular diseases : the official journal of National Stroke Association,10.1016/j.jstrokecerebrovasdis.2025.108360,Evaluation of mediators of seasonal variation in fatal strokes: a multicentre registry-based cohort study.,"How seasonal variations influence the incidence of fatal stroke remains unclear. Here, we examined potential mediators of the association between seasons and fatal strokes. Data were prospectively collected (2014-2016) from the Sentinel Stroke National Audit Programme for admissions to four UK hyperacute stroke units. Relationships between variables were assessed by multivariable logistic regression, adjusted for age, sex and intracranial haemorrhage, and presented as odds ratios (OR) with 95 % confidence intervals (CI). The criteria for conducting a mediation analysis were met if the mediator was a continuous variable and was significantly associated both with the predictor and outcome variables. A total of 3,309 patients (50 % men, mean age=76.7 yr, SD=13.4) were admitted in spring (n = 830), summer (n = 733), autumn (n = 865) and winter (n = 881). There were no seasonal differences in age, sex distribution, co-morbidities (except congestive heart failure in summer) or stroke management. Compared to patients admitted in autumn, those admitted in winter had a greater risk of severe stroke: OR=2.22 (1.50-3.30), fatal stroke: OR=1.48 (1.13-1.93), palliative care: OR=1.85 (1.21-2.81) and pneumonia: OR=1.36 (1.00-1.85). Stroke severity was associated with a greater risk of fatal stroke: adjusted OR=1.14 (1.12-1.15). Mediation analysis revealed that the relationship between winter and fatal stroke was indeed mediated by stroke severity: indirect effect size=0.040 (0.012-0.068). Our findings support evidence of increased incidence of fatal stroke in winter, which could be explained by greater stroke severity at this time. Further research is necessary to elucidate the underlying reason for greater severity of stroke in winter."
18620652,2008,Revista clinica espanola,10.1157/13123187,"Analysis of 27,248 hospital discharges for heart failure: a study of an administrative database 1998-2002.","To describe the epidemiology of hospital admissions for heart failure in 32 hospitals. To define the profile of those attended by Internal Medicine (IM). Analysis of the Minimum-Basic-Data-Set registry of 32 public Spanish hospitals, during 1998-2002, identifying those cases whose main or secondary diagnosis was heart failure, with attention to age, sex, length of stay, season, outcome, number of diagnoses, Diagnostic Related Groups (DRG), and coded procedures. There were 2,787,008 discharges, 27,248 with heart failure (15,737 IM, 7,735 Cardiology and 3,776 other services). Discharges for heart failure increase from 1998 to 2002 (r(2) = 0.7232). Of the total, 44% were men (average age 70.98 years; 95% CI 70.08-70.47) and 56% were women (74.77 years; 95% CI 74.61-74.93; p < 0.0001). The global in-hospital mortality rate was 11.1% and we found differences between Cardiology and MI. MI patients were older (74 years compared to 69, p < 0.0001), had greater comorbidity, a similar length of stay (11.1 days), and a lower number of coded diagnostic procedures. Associated pathologies were different. Seasonal variation is clear. The incidence of discharges for heart failure is high and steadily increasing, although this is more evident in IM. The populations attended by the two services are different, which makes it difficult to ascertain differences in handling. The results are slightly different from those reported in other countries."
20934226,2012,International journal of cardiology,10.1016/j.ijcard.2010.09.015,Circumstances of death in adult congenital heart disease.,"Circumstances of death have been described for various cardiovascular diseases, but this study is the first for adults with congenital heart disease (CHD). Review of medical records and additional information from treating cardiologists and general practitioners, for circumstances of all deaths in a national registry of over 8000 adults with CHD. Of 8595 patients, 231 (2.7%) patients died over 26,500 patient years. Main causes of death were progressive heart failure (26%) and sudden cardiac death (22%). Mortality was highest in the northern, most rural region of the country (p ≤ 0.05). Overall, death occurred out-of-hospital in approximately 35%, but more frequently in rural than in urban areas (55% versus 32%, p ≤ 0.05). Mortality was almost equally distributed throughout the seasons, although fall showed a slightly higher mortality rate. Cardiovascular death occurred suddenly in nearly 40%. Sudden cardiovascular death occurred in 8% during exercise, and most often out-of-hospital (62%). Of non-sudden cardiovascular deaths 18% had occurred out-of-hospital. In adult patients with congenital heart disease, mortality shows substantial regional and subtle seasonal variation. Death usually occurs at rest; approximately 1 of 10 sudden cardiovascular deaths occur during exercise."
23876070,2013,Inhalation toxicology,10.3109/08958378.2013.804609,Fine particulate air pollution and hospital admissions for congestive heart failure: a case-crossover study in Taipei.,"This study was undertaken to determine whether there was an association between fine particles (PM₂.₅) levels and hospital admissions for congestive heart failure (CHF) in Taipei, Taiwan. Hospital admissions for CHF and ambient air pollution data for Taipei were obtained for the period 2006-2010. The relative risk of hospital admissions was estimated using a case-crossover approach, controlling for weather variables, day of the week, seasonality and long-term time trends. For the single pollutant model (without adjustment for other pollutants), increased CHF admissions were significantly associated with PM₂.₅ both on warm days (>23 °C) and cool days (<23 °C), with an interquartile range increase associated with a 13% (95% CI = 9-17%) and 3% (95% CI = 0-7%) increase in CHF admissions, respectively. In the two-pollutant models, PM₂.₅ remained significant after the inclusion of SO₂ or O₃ both on warm and cool days. This study provides evidence that higher levels of PM₂.₅ increase the risk of hospital admissions for CHF."
18569620,2008,Journal of toxicology and environmental health. Part A,10.1080/15287390802114428,"Air pollution and hospital admissions for congestive heart failure in a subtropical city: Taipei, Taiwan.","This study was undertaken to determine whether there was an association between air pollutant levels and hospital admissions for congestive heart failure (CHF) in Taipei, Taiwan. Hospital admissions for CHF and ambient air pollution data for Taipei were obtained for the period from 1996 to 2004. The relative risk of hospital admission was estimated using a case-crossover approach, controlling for weather variables, day of the week, seasonality, and long-term time trends. In the single-pollutant model, the number of CHF admissions was significantly associated with the environmental presence of the contaminants particulate matter (PM(10)), nitrogen dioxide (NO(2)), carbon monoxide (CO), and ozone (O(3)) on warm days (>20 degrees C). However, statistically significant positive effects on increased CHF admissions on cool days (<20 degrees C) was observed only for CO levels. For the two-pollutant model, NO(2) and O(3) were significant in combination with each of the other four pollutants on warm days for enhanced CHF admissions. This study provides evidence that higher levels of ambient air pollutants increase the risk of hospital admissions for CHF."
32360644,2020,International journal of cardiology,10.1016/j.ijcard.2020.04.084,Prevalence and seasonal variation of precipitants of heart failure hospitalization and risk of readmission.,"To determine the prevalence and seasonal variation in precipitants of heart failure (HF) hospitalization and the risk of subsequent HF hospitalizations. We analysed the characteristics and outcomes of patients hospitalized with HF and enrolled in the Management of Cardiac Failure program in Sydney, Australia. Potential precipitants of HF hospitalization were identified, and Cox-regression analyses performed according to the precipitant. Among 6918 patients hospitalized with HF, 5384 (78%) had identified one or more precipitating factors leading to the hospitalization and 3648 (53%) had a single identifiable precipitant. Most precipitants were due to one or more of five prespecified causes - infection (n = 2014), ischemia (n = 1781), arrhythmia (n = 1724), medication related (n = 925) and diet non-compliance (n = 408). All precipitants were more common during winter (p < 0.001), especially infection related precipitants, of which 36% occurred during winter. Among patients with a single identifiable precipitant, one-year risk for HF readmission was lower when the precipitant was arrhythmia (16%) or infection (17%) than when the precipitant was ischemia (21%), dietary non-compliance (23%) or medication related (25%). The precipitant for HF rehospitalizations were more likely to be the same precipitant for the initial admission: infection vs no infection (HR 1.51, 95% CI 1.08-2.13), ischemia vs no ischemia (HR 2.79, 95% CI 1.83-4.25), arrhythmia vs no arrhythmia (HR 3.31, 95% CI 1.87-5.88) and medication related vs not medication related (HR 2.28, 95% CI 1.39-3.74). The precipitant of HF hospitalization influences the risk and precipitant of subsequent HF hospitalizations. Identifying and targeting interventions towards the precipitating factor may be an important strategy to prevent future HF hospitalizations."
17384442,2007,Circulation journal : official journal of the Japanese Circulation Society,10.1253/circj.71.455,"A community based epidemiological and clinical study of hospitalization of patients with congestive heart failure in Northern Iwate, Japan.","Community based studies of congestive heart failure (HF) are lacking in the Japanese population. To delineate the epidemiological and clinical features of advanced HF in the general Japanese population, hospitalized adult cases of HF in all hospitals within the Ninohe district were registered for 3 years. During the survey period, 190 new onset cases (males n=93; females n=97) and a total of 391 hospitalizations (including repeat admissions) were registered. The prevalence of atrial fibrillation in new HF cases was 56% in males and 45% in females. On the basis of the population of the district, the incidence of hospitalized HF was 96 in males and 92 in females per 100,000 person-years. The percentage of HF patients who were > or =65 years of age was 82% in males and 94% in females. In cases undergoing echocardiography, preserved left ventricular systolic function (left ventricular ejection fraction > or =50%) was observed in 29% of males and 41% of females. There was a significant seasonal variation in HF admissions (Spring 32%; Summer 20%; Autumn 20%; Winter 28%; p<0.01). In comparison with published results of USA and European community based studies of HF, the present HF cohort showed that: (1) mean age, prevalence of preserved ejection fraction, and trends in seasonal variation were comparable; however (2) the incidence of HF was obviously lower. These epidemiological and clinical characteristics should be taken into consideration when establishing a therapeutic and preventive approach for HF."
40307342,2025,Scientific reports,10.1038/s41598-025-99478-8,The role of seasonality on evaluating health-related quality of life in patients with coronary artery disease.,"Comparing data from different years and the time of year during which data are collected can affect respondents' answers or health status. This study investigated the possible association between seasonality and the self-reported health-related quality of life (HRQoL) of patients with coronary artery disease (CAD) during rehabilitation and at a 2-year follow-up. The study included 1026 respondents (79% men; mean age 56 ± 9 years). Baseline characteristics covered socio-demographic, clinical factors, and psychological assessments using the Hospital Anxiety and Depression Scale. HRQoL was evaluated using the 36-item Short Form Medical Outcome Questionnaire (SF-36) and the Minnesota Living with Heart Failure Questionnaire (MLHFQ). The MLHFQ data were collected longitudinally. The results of the multivariable linear regression confirmed a potential association between seasonality and self-reported HRQoL as assessed during cardiac rehabilitation period in patients with CAD. According to the SF-36, the summer season was associated with improved mental health outcomes, while the winter season was significantly linked to better scores in the pain domain. Based on the MLHFQ data, the winter season was associated with better overall HRQoL both during rehabilitation and at the 2-year follow-up. Similarly, the MLHFQ physical dimension showed better scores in winter at the 2-year follow-up, but not at baseline."
35337650,2022,"American journal of orthodontics and dentofacial orthopedics : official publication of the American Association of Orthodontists, its constituent societies, and the American Board of Orthodontics",10.1016/j.ajodo.2021.07.013,Time series analysis.,"This article describes a simple method of applying a time series analysis to sample data sets using a free and open statistical software program, Language R. Records of new patients who visited 2 different university-affiliated orthodontic departments in 2 different countries were collected. Time series analysis was performed by applying Language R software. The data sets and codes were provided for tutorial and illustrative purposes. Using time series decomposition, the trend component and the seasonal variation were separated and visualized graphically. Time series analysis may be helpful to clinicians by providing a simple tool to evaluate patient characteristics and manage the practice."
34608759,2022,FEBS open bio,10.1002/2211-5463.13309,Seasonal UV exposure and vitamin D: association with the dynamics of COVID-19 transmission in Europe.,"Several recent studies have demonstrated that low plasma 25(OH) vitamin D levels are associated with the risk of COVID-19 infection. The primary source of vitamin D production in humans is environmental UV radiation. In many viral respiratory diseases, peak infection rates are observed during winter due to reduced UV exposure and low temperatures. In Europe, the second wave of COVID-19 began early in the winter of 2020. Investigating the impact of seasonal temperature and UV exposure on COVID-19 transmission could thus aid in prevention and intervention. As such, we first performed a comprehensive meta-analysis of all related published literature based on the association between vitamin D and COVID-19, which supported the hypothesis that the low vitamin D level is a critical risk factor for COVID-19 infection. Next, to understand the potential impact of seasonal UV and temperature levels on COVID-19 cases, we analyzed meteorological data and daily COVID-19 cases per million in the populations of 26 European countries. We observed that low temperature, UV index, and cloud-free vitamin D UV dose (UVDVF) levels are negatively correlated with COVID-19 prevalence in Europe. Furthermore, a distributed lag nonlinear model was used to assess the nonlinear delayed effects of individual seasonal factors on COVID-19 cases. Such analysis highlighted the significantly delayed impact of UVDVF on the cumulative relative risk of COVID-19 infection. The findings of this study suggest that low UV exposure can affect the required production of vitamin D in the body, which substantially influences the dynamics of COVID-19 transmission and severity."
10867376,2000,Allergologia et immunopathologia,,[Preventive immunotherapy].,"Allergen specific immunotherapy has been shown to be effective in rigorous double-blind placebo-controlled clinical trials in both children and adults A recent WHO position paper stated that immunotherapy is an effective treatment for patients with allergic rhinitis/conjunctivitis, allergic asthma and allergic reactions from stinging insects and is thought to be more effective in children than in adults. When speaking about children there are several questions that are important regarding the natural course of the disease. One of the most important is whether immunotherapy can prevent asthma, either by preventing sensitisation to allergens related to the development of asthma or by preventing the inflammation in the lungs caused by allergen exposure. Another point could be to establish the differences in the long term outcome of those patients treated with immunotherapy and medication during childhood, compared to the long term outcome of those with comparable asthma features who received only antiasthmatic medication The PAT study is a European multi-center study. The end-point is to show in what capacity allergen specific subcutaneous immunotherapy can prevent the development of asthma in children who only have rhinoconjunctivitis secondary to grass or birch pollen sensitisation. Two hundred and ten children aged from 5 to 13 years were included in the study. Children were randomised to the active treatment group receiving allergen specific immunotherapy with birch and/or timothy pollen allergen extract or to the control group receiving only pharmacotherapy. It is important to highlight that the main criteria to be included was that the children should never have had any asthmatic symptom. Immunotherapy has been effective in terms of decreasing significantly the amount of symptoms in the active group compared to the control one. It was safe with no serious adverse reactions and reduced the risk of the onset of asthma. After two years of treatment more children in the control group developed clinical asthma than in the active group: p = 0.004. Des Roches et al reported the results of a prospective non randomised trial of immunotherapy with Dermatophagoides pteronyssinus in 44 asthmatic children younger than six years of age who were sensitive only to dust mites. The purpose of the study was to assess whether immunotherapy could reduce the development of new sensitisation during a period of three years of follow up. Specific immunotherapy was given with only D. Pteronyssinus extract. All 22 children in the control group developed new sensitivities as determined by skin testing and in vitro tests, while 10 (45%) of 22 children who received mite immunotherapy did not develop additional sensitivities. The findings of this study suggests that immunotherapy may alter the natural course of the allergic sensitisation reducing the risk of developing new sensitisation in mono sensitive children. A limited number of studies have examined the long terms effects of immunotherapy on the clinical presentation of asthma and rhinoconjunctivitis, and have shown a long lasting efficacy decreasing the amount of symptoms 6-10 years after termination. In a retrospective study of children treated with immunotherapy during childhood for at least three years, that were re-evaluated in early adulthood, the control patients who were treated with medication and no immunotherapy suffered almost 3.5 times more symptoms than the active group treated with immunotherapy. The current findings suggest that immunotherapy should be considered earlier in the course of allergic disease to prevent progression or to prevent the development of new sensitisation. Further studies with long term follow up particularly in children could address this possibility."
24415508,2014,Family medicine,,The medical student summer research program in family medicine.,"A variety of clinical research training programs exist throughout the United States, although little is known about their methods, content, and outcomes. This report describes a model of clinical research training designed to teach medical students research processes in family medicine, while yielding data for research studies. Authors present a description and evaluation of the program, focusing on students' research productivity. Forty medical students participated in a 6-week clinical research training program from 2006--2012. This program was led by an experienced investigator and 10 family medicine faculty mentors. Classroom instruction provided an introduction to research design in Week 1 and research writing and dissemination in Week 6. In between, medical students implemented studies in multiple outpatient clinical settings in the Residency Research Network of Texas (RRNET). The Medical Student Summer Research Program in Family Medicine was well received by medical students who demonstrated consistent productivity year after year. All students displayed findings during Medical Student Research Day, and one third continued their work beyond that event, producing 22 presentations, two manuscripts, seven published abstracts, and seven research honors. Opportunities for medical students to develop research skills should be central to medical school education. Familiarity with the research process improves medical students' ability to understand, critique, and use evidence-based medicine in practice, to explain the latest findings to their patients, and to consider careers as clinician-scientists."
37365351,2023,European archives of oto-rhino-laryngology : official journal of the European Federation of Oto-Rhino-Laryngological Societies (EUFOS) : affiliated with the German Society for Oto-Rhino-Laryngology - Head and Neck Surgery,10.1007/s00405-023-08078-7,Efficacy and safety of Artemisia annua sublingual immunotherapy in patients with seasonal allergic rhinoconjunctivitis over two pollen seasons.,"This study investigates the efficacy and safety of sublingual immunotherapy (SLIT) with A. annua allergens in patients with seasonal allergic rhinoconjunctivitis over two pollen seasons. Seventy patients with moderate-severe seasonal allergic rhinoconjunctivitis were divided evenly into the SLIT and control groups. The SLIT last from 3 months before the summer-autumn pollen season in 2021 till the end of the summer-autumn pollen season in 2022. The daily individual symptom score, total rhinoconjunctivitis symptom score (dTRSS), total medication score (dTMS), combined score of medication and rhinoconjunctivitis symptom (dCSMRS), visual analog scale (VAS) score, and adverse events (AEs) were evaluated. The average pollen concentration in 2022 was twice that previous two-year during the pollen season. Fifty-six patients completed treatments (SLIT group: 29, control group: 27). Compared with baseline, the individual symptoms, dTRSS, dTMS, dCSMRS, and VAS scores of SLIT group declined in 2021. After 16 months of SLIT, all efficacy indexes in 2022 were still lower than baseline and equivalent to those in 2021. In control group, the efficacy indexes in 2022 were higher than that in 2020 and 2021. The efficacy indexes of SLIT group were lower than those of control group in 2021 and 2022. SLIT is effective for both mono- and poly-sensitized patients. AEs incidence in SLIT group was 82.7% without severe AEs. The A. annua-SLIT can obtain efficacy and safety over two pollen seasons for patients with moderate-severe seasonal allergic rhinoconjunctivitis."
25150801,2014,Human movement science,10.1016/j.humov.2014.07.005,Longitudinal modeling in sports: young swimmers' performance and biomechanics profile.,"New theories about dynamical systems highlight the multi-factorial interplay between determinant factors to achieve higher sports performances, including in swimming. Longitudinal research does provide useful information on the sportsmen's changes and how training help him to excel. These questions may be addressed in one single procedure such as latent growth modeling. The aim of the study was to model a latent growth curve of young swimmers' performance and biomechanics over a season. Fourteen boys (12.33 ± 0.65 years-old) and 16 girls (11.15 ± 0.55 years-old) were evaluated. Performance, stroke frequency, speed fluctuation, arm's propelling efficiency, active drag, active drag coefficient and power to overcome drag were collected in four different moments of the season. Latent growth curve modeling was computed to understand the longitudinal variation of performance (endogenous variables) over the season according to the biomechanics (exogenous variables). Latent growth curve modeling showed a high inter- and intra-subject variability in the performance growth. Gender had a significant effect at the baseline and during the performance growth. In each evaluation moment, different variables had a meaningful effect on performance (M1: Da, β = -0.62; M2: Da, β = -0.53; M3: η(p), β = 0.59; M4: SF, β = -0.57; all P < .001). The models' goodness-of-fit was 1.40 ⩽ χ(2)/df ⩽ 3.74 (good-reasonable). Latent modeling is a comprehensive way to gather insight about young swimmers' performance over time. Different variables were the main responsible for the performance improvement. A gender gap, intra- and inter-subject variability was verified."
16970226,2006,Journal of neurosurgery,10.3171/ped.2006.105.3.163,Summer shunt surgery.,
29649226,2018,PloS one,10.1371/journal.pone.0194304,Assessing the efficacy of fathead minnows (Pimephales promelas) for mosquito control.,"Mosquitoes function as important vectors for many diseases globally and can have substantial negative economic, environmental, and health impacts. Specifically, West Nile virus (WNv) is a significant and increasing threat to wildlife populations and human health throughout North America. Mosquito control is an important means of controlling the spread of WNv, as the virus is primarily spread between avian and mosquito vectors. This is of particular concern for avian host species such as the Greater sage-grouse (Centrocercus urophasianus), in which WNv negatively impacts fitness parameters. Most mosquito control methods focus on the larval stages. In North America, control efforts are largely limited to larvicides, which require repeated application and have potentially negative ecological impacts. There are multiple potential advantages to using indigenous fish species as an alternative for larval control including lowered environmental impact, decreased costs in terms of time and financial inputs, and the potential for the establishment of self-sustaining fish populations. We tested the efficacy of using fathead minnows (Pimephales promelas) as biological control for mosquito populations in livestock reservoirs of semiarid rangelands. We introduced minnows into 10 treatment reservoirs and monitored an additional 6 non-treated reservoirs as controls over 3 years. Adult mosquitoes of species known to transmit WNv (e.g., Culex tarsalis) were captured at each site and mosquito larvae were also present at all sites. Stable isotope analysis confirmed that introduced fathead minnows were feeding at the mosquito larvae trophic level in all but one treatment pond. Treatment ponds demonstrated suppressed levels of mosquito larva over each season compared to controls with a model-predicted 114% decrease in larva density within treatment ponds. Minnows established self-sustaining populations throughout the study in all reservoirs that maintained sufficient water levels. Minnow survival was not influenced by water quality. Though minnows did not completely eradicate mosquito larvae, minnows are a promising alternative to controlling mosquito larvae density within reservoirs. We caution that careful site selection is critical to avoid potential negative impacts, but suggest the introduction of fathead minnows in reservoirs can dramatically reduce mosquito larva abundance and potentially help mitigate vector-borne disease transmission."
26246337,2015,Biology letters,10.1098/rsbl.2015.0552,A call for full annual cycle research in animal ecology.,"For vertebrates, annual cycles are organized into a series of breeding and non-breeding periods that vary in duration and location but are inextricably linked biologically. Here, we show that our understanding of the fundamental ecology of four vertebrate classes has been limited by a severe breeding season research bias and that studies of individual and population-level responses to natural and anthropogenic change would benefit from a full annual cycle perspective. Recent emergence of new analytical and technological tools for studying individual and population-level animal movement could help reverse this bias. To improve understanding of species biology and reverse the population declines of many vertebrate species, a concerted effort to move beyond single season research is vital."
34262557,2021,Frontiers in immunology,10.3389/fimmu.2021.623087,Low-Dose Vitamin D,"Seasonal variations have been reported for immune markers. However, the relative contributions of sunlight and vitamin D variability on such seasonal changes are unknown. This double-blind, randomized, placebo-controlled trial tested whether daily 400 IU vitamin D3 supplementation affected short-term (12 weeks) and long-term (43 weeks) natural regulatory T cell (nTreg) populations in healthy participants. 62 subjects were randomized equally to vitamin D versus placebo in March and assessed at baseline, April (4w), June (12w), September (25w) and January (43w). Circulating nTregs, ex vivo proliferation, IL-10 and IFN-γ productions were measured. Vitamin D metabolites and sunlight exposure were also assessed. Mean serum 25-hydroxyvitamin D (25(OH)D) increased from 35.8(SD 3.0) to 65.3(2.6) nmol/L in April and remained above 75 nmol/L with vitamin D supplementation, whereas it increased from 36.4(3.2) to 49.8(3.5) nmol/L in June to fall back to 39.6(3.5) nmol/L in January with placebo. Immune markers varied similarly between groups according to the season, but independently of 25(OH)D. For nTregs, the mean (%CD3+CD4+CD127lo cells (SEM)) nadir observed in March (2.9(0.1)%) peaked in September at 4.0(0.2)%. Mean T cell proliferation peaked in June (33156(1813) CPM) returning to the nadir in January (17965(978) CPM), while IL-10 peaked in June and reached its nadir in September (median (IQR) of 262(283) to (121(194) pg/ml, respectively). Vitamin D attenuated the seasonal increase in IFN-γ by ~28% with mean ng/ml (SEM) for placebo vs vitamin D, respectively, for April 12.5(1.4) vs 10.0(1.2) (p=0.02); June 13.9(1.3) vs 10.2(1.7) (p=0.02) and January 7.4(1.1) vs 6.0(1.1) (p=0.04). Daily low dose Vitamin D intake did not affect the nTregs population. There were seasonal variation in nTregs, proliferative response and cytokines, suggesting that environmental changes influence immune response, but the mechanism seems independent of vitamin D status. Vitamin D attenuated the seasonal change in T cell-produced IFN-γ, suggesting a decrease in effector response which could be associated with inflammation. https://www.isrctn.com, identifier (ISRCTN 73114576)."
37592300,2023,BMC musculoskeletal disorders,10.1186/s12891-023-06787-y,Comparison of external load measures per minute based on match seasonal periods and playing positions of a soccer Turkish super league team.,"Turkish Super League teams need more information about the external load. Considering the specific country and the coaches' philosophies, the purpose of this study was to compare the external match load of a Turkish Super League team considering the different playing positions and in-season periods. A longitudinal study design was employed by observing 29 official matches of the same team. A total of fifteen players, consisting of five defenders, five midfielders, and five forwards, were analyzed using the Sentio Sports Optical Tracking System. The following outcomes were extracted in each match: total distance (TD), walking [from 0 to 7.2 km/h], jogging [from 7.2 to 14.4 km/h], running [from 14.4 to 20 km/h], high speed running (HSR) [> 20 km/h], metabolic power (MP), maximum deceleration (Decmax) [Dec < -3 m/s2], total deceleration distance (Dectotal), maximum acceleration (Accmax) [Acc > 3 m/s2], and total acceleration distance (Acctotal). Statistical analysis consisted of ANOVA and Bonferroni correction post hoc tests. The main results showed that all variables were similar between periods of the season (p > 0.05) except for walking (p = 0.021 witha large effect size), which revealed lower values in the mid-season period. When analyzing periods of the season considering playing positions, there were several significant results for TD, walking, jogging, running, HSR, Dectotal and Acctotal (p < 0.05, with small to large effects). A tendency for higher values was noted in the mid and end-season. Considering the playing positions comparisons, midfielders showed higher values than defenders for TD, MP, Dectotal and Acctotal (p < 0.05 with large effect for all). Midfielders also showed higher values than forwards for TD, jogging, Dectotal and Acctotal (p < 0.05 with a large effect for all). The present study emphasizes the significance of analyzing data based on minute, playing position, and season period. Findings reveal that defenders consistently displayed the lowest values in all external load measures during matches compared to other positions throughout the season. Furthermore, midfielders demonstrated a higher activity profile during the initial and middle stages of the season compared to other positions, with a slight tendency to decrease load towards the end of the season."
26721904,2016,Annals of botany,10.1093/aob/mcv186,Seasonal variation in the mating system of a selfing annual with large floral displays.,"Flowering plants display considerable variation in mating system, specifically the relative frequency of cross- and self-fertilization. The majority of estimates of outcrossing rate do not account for temporal variation, particularly during the flowering season. Here, we investigated seasonal variation in mating and fertility in Incarvillea sinensis (Bignoniaceae), an annual with showy, insect-pollinated, 'one-day' flowers capable of delayed selfing. We examined the influence of several biotic and abiotic environmental factors on day-to-day variation in fruit set, seed set and patterns of mating. We recorded daily flower number and pollinator abundance in nine 3 × 3-m patches in a population at Mu Us Sand land, Inner Mongolia, China. From marked flowers we collected data on daily fruit and seed set and estimated outcrossing rate and biparental inbreeding using six microsatellite loci and 172 open-pollinated families throughout the flowering period. Flower density increased significantly over most of the 50-d flowering season, but was associated with a decline in levels of pollinator service by bees, particularly on windy days. Fruit and seed set declined over time, especially during the latter third of the flowering period. Multilocus estimates of outcrossing rate were obtained using two methods (the programs MLTR and BORICE) and both indicated high selfing rates of ∼80 %. There was evidence for a significant increase in levels of selfing as the flowering season progressed and pollinator visitation declined. Biparental inbreeding also declined significantly as the flowering season progressed. Temporal variation in outcrossing rates may be a common feature of the mating biology of annual, insect-pollinated plants of harsh environments but our study is the first to examine seasonal mating-system dynamics in this context. Despite having large flowers and showy floral displays, I. sinensis attracted relatively few pollinators. Delayed selfing by corolla dragging largely explains the occurrence of mixed mating in I. sinensis, and this mode of self-fertilization probably functions to promote reproductive assurance when pollinator service is limited by windy environmental conditions and competition from co-occurring flowering plants."
795403,1976,Archives of toxicology,10.1007/BF00340529,Time -- a key in experimental and practical medicine.,"This paper gives an overview on circadian rhythms which governs visibly all biological features. By illustrative examples of circadian rhythms of man and experimental animals it is shown that: 1. The components of all tissues, organs, and blood undergo circadian changes, manifested in drmatic morphologic and chemical differences. These circadian changes simply do not represent minute ""physiologic"" variations around a 24-h means. 2. The endogenous nature and the influences of the environmental factors such as food, light, laboratory stress, and seasons acting on circadian rhythms are demonstrated. 3. The different circadian phases determine significantly the in vivo and in vitro results in response to hormones, drugs and poisons. The neccessity to consider circadian rhythms is shown by chronotoxicologic experiments: mortality rates between 0 and 100% may occur after application of identical doses of a given drug at different day times."
23617200,2013,"Journal of health, population, and nutrition",10.3329/jhpn.v31i1.14744,"Time series analysis of cholera in Matlab, Bangladesh, during 1988-2001.","The study examined the impact of in-situ climatic and marine environmental variability on cholera incidence in an endemic area of Bangladesh and developed a forecasting model for understanding the magnitude of incidence. Diarrhoea surveillance data collected between 1988 and 2001 were obtained from a field research site in Matlab, Bangladesh. Cholera cases were defined as Vibrio cholerae O1 isolated from faecal specimens of patients who sought care at treatment centres serving the Matlab population. Cholera incidence for 168 months was correlated with remotely-sensed sea-surface temperature (SST) and in-situ environmental data, including rainfall and ambient temperature. A seasonal autoregressive integrated moving average (SARIMA) model was used for determining the impact of climatic and environmental variability on cholera incidence and evaluating the ability of the model to forecast the magnitude of cholera. There were 4,157 cholera cases during the study period, with an average of 1.4 cases per 1,000 people. Since monthly cholera cases varied significantly by month, it was necessary to stabilize the variance of cholera incidence by computing the natural logarithm to conduct the analysis. The SARIMA model shows temporal clustering of cholera at one- and 12-month lags. There was a 6% increase in cholera incidence with a minimum temperature increase of one degree celsius in the current month. For increase of SST by one degree celsius, there was a 25% increase in the cholera incidence at currrent month and 18% increase in the cholera incidence at two months. Rainfall did not influenc to cause variation in cholera incidence during the study period. The model forecast the fluctuation of cholera incidence in Matlab reasonably well (Root mean square error, RMSE: 0.108). Thus, the ambient and sea-surface temperature-based model could be used in forecasting cholera outbreaks in Matlab."
3315294,1987,Circulation,10.1161/01.cir.76.6.1224,Seasonal cholesterol cycles: the Lipid Research Clinics Coronary Primary Prevention Trial placebo group.,"Seasonal variation of plasma cholesterol levels was studied in 1446 hypercholesterolemic 35- to 59-year-old male participants in the Lipid Research Clinics Coronary Primary Prevention Trial placebo group. Each man's serial cholesterol data, obtained at bimonthly intervals for 2.0 to 6.5 years, were analyzed as a separate periodic time series, and distributions of cycle zeniths and amplitudes were calculated. A highly significant (chi 2= 706, 2 degrees of freedom) seasonal effect, 7.4 mg/dl higher on December 30 than on June 30, was found. This effect was similar among the 12 LRC centers, including such disparate climates as those of Minneapolis and San Diego, and tended to be larger in the southern centers. Its magnitude was independent of baseline levels of plasma cholesterol and other baseline characteristics. Observed seasonal differences in weight and diet explained less than one-third of the seasonal variation in plasma cholesterol levels. Plasma low- and high-density lipoprotein cholesterol levels, analyzed similarly, also showed significant synchronous seasonal cycles. Plasma triglyceride levels showed a weaker irregular seasonal pattern, highest in midsummer and late autumn and lowest in spring. The etiologies and mechanisms for these seasonal patterns remain largely unknown."
29053843,2017,Poultry science,10.3382/ps/pex282,Effects of season and distance during transport on broiler chicken meat.,"This research aims to evaluate the microclimate of commercial loads of broiler chickens at different distances in the summer (rainy) and winter (dry) seasons and their effects on meat quality. Twelve broiler loads were monitored with a total of 24 crates per load. Data loggers were used to record temperature and relative humidity. The experiment followed a completely randomized design with 48 treatments in a factorial scheme (2 seasons: rainy and dry) x 2 (distances: short and long) x 12 (positions), with 3 replicates per experimental group. In the rainy season, meat quality was influenced by transport distance. For longer distances, it recorded the highest enthalpy comfort index (ECI), suggesting a tendency of dark, firm, and dry meat (DFD-like) and lower cooking losses (CL). The lowest ECI was recorded during the transport in dry season. Broiler chickens transported and slaughtered in the winter presented meat pH and L* (lightness) classified as ""normal,"" but with higher cooking losses. For the shear force (SF), the seasons and distances had no significant influence on tenderness of the meat. Regarding the crate positioning in the load, no effect was observed during transport on this variable, given the meat quality characteristics of pH, L*, CL, and SF. These results suggest that the distance and the seasons present more influence on broiler meat quality than crate position in the truck."
30375002,2019,American journal of primatology,10.1002/ajp.22928,From the field to the lab: Muriqui endocrinology from a collaborative perspective.,"The northern muriqui (Brachyteles hypoxanthus) is a critically endangered species endemic to the Atlantic Forest of southeastern Brazil. Long-term observational studies of wild muriquis have provided many insights into the behavioral ecology and life history of this species. However, nearly everything that is currently known about the northern muriqui's behavioral endocrinology has come from combining our respective expertise in noninvasive field and laboratory research. Here, we reflect on the history of our collaboration, focusing on major challenges, key scientific findings, and factors that contributed to its success. Challenges included insuring the reliable collection of frequent fecal samples from a large enough number of known individuals over extended periods of time, preserving the steroids in the field and transporting them, developing and validating the fecal steroid assays, and interpreting the hormonal profiles within the behavioral and ecological contexts of the study subjects. Major findings included our thorough description of the fecal progesterone and estradiol profiles associated with muriqui ovarian cycling and gestation, the seasonal resumption of cycling, its onset during puberty of dispersing females, and the differences between fertile and infertile cycles. We also documented the relationship between fecal cortisol and testosterone in sexually active males across breeding and nonbreeding seasons, and sex differences in cortisol levels across the mating and conception seasons. We attribute the success of our collaboration to a number of factors including our mutual appreciation for one another's high standards for ethics, data quality, and data interpretation."
16616338,2006,Theriogenology,10.1016/j.theriogenology.2006.02.036,Investigations on reproductive physiology in the male Eurasian lynx (Lynx lynx).,"This study characterized (in vivo) morphological and functional parameters of reproductive organs of adult male lynx (n = 3) prior to, during, and after the breeding season (n = 3). Size and morphology of the reproductive tract were monitored by transcutaneous (testes) and transrectal (accessory sex glands) ultrasonography. Semen was collected by electroejaculation. Ejaculate volume, sperm number, motility, and morphology of spermatozoa as well as testosterone concentrations in blood serum and feces were evaluated. The testes and prostate had seasonal changes in size and echotexture. The mean (+/- S.D.) maximum and minimum testicular volume were 2.8 +/- 0.8 cm3 and 1.5 +/- 0.3 cm3, respectively. Fecal testosterone concentrations were highest in February (1240 +/- 393 ng/g feces), with a second increase in May (971 +/- 202 ng/g feces), but concentrations were lowest in January (481 +/- 52.9 ng/g feces). Ejaculate volume, total sperm number and percentage of motile, and intact spermatozoa were maximal in March (the middle of the breeding season). In one of the eight litters, multiple paternity was proven; however, in the remaining seven litters, all 16 cubs were sired by the same male. This particular male had the most developed and active testes and best semen quality, which may be important for sperm competition."
22142341,2012,Allergy,10.1111/j.1398-9995.2011.02758.x,Comparative effect of pre-coseasonal and continuous grass sublingual immunotherapy in children.,"One of the most important aspects of sublingual immunotherapy (SLIT) is the regimen of administration. The aim of the study was to compare the efficacy and the safety of SLIT given pre-coseasonally (starting before the pollen season and continuing until the end of it) and continuously (all year round, independent of the pollen season) in children allergic to grass pollen. Sixty children aged 6-18, sensitive only to grass pollen, with rhinitis (20 patients had concomitant asthma) participated in the 2-year prospective, randomized, double-blind, placebo-controlled trial. Both pre-coseasonal and continuous SLIT were associated with a substantial reduction in the combined symptoms/medication score when compared with placebo; there were no significant differences between the regimens (mean difference: 18.1 ± 12.4, P > 0.05). Similar changes were observed in the total symptoms score. Pre-coseasonal therapy, compared with continuous, was more effective in the reduction of nasal symptoms (mean difference: -18.0 ± 2.5, P = 0.006). We did not observe significant differences in medication, ocular, and asthma scores between the regimens. We did not observe changes in morning PEF, FEV1, and PD20 in any of the three groups nor between the groups throughout the study. We showed a significant decrease in FeNO level comparable in both active groups. There were no differences between groups in the induction of CD4CD25Foxp3-positive cells in peripheral blood during the study. Both protocols were effective compared with placebo and showed similar decreases for combined symptoms/medication score and all secondary endpoints, with the exception of nasal symptoms that were lower in the pre-coseasonal group."
23917748,2013,Prilozi (Makedonska akademija na naukite i umetnostite. Oddelenie za medicinski nauki),,Ozone exaggerates nasal allergic inflammation.,"A double-blind randomised trail design was used to address the effect of ambient ozone on the nasal airways and to evaluate the effects of ozone on allergic mucosa. Ten grass pollen allergic rhinitics were exposed for 2 hours at rest on 2 separate occasions to 400 ppb ozone and filtered air respectively. The exposure to 400 ppb ozone and filtered air was performed prior to the grass pollen season and again during the season. Baseline nasal lavage in which histamine, eosinophil cationic protein (ECP), myeloperoxidase (MPO), total proteins, and albumin were measured and neutrophils, eosinophils and epithelial cells were counted, was made immediately prior to exposure (-120 min). After 2 h of exposure to ozone/filtered air repeated measurements were performed at 0, 30, 60, 120, 240, 360 minutes post exposure. Significant increases were observed when exposed to ozone versus filtered air during the pollen season for histamine (AUC1; p=0.05), MPO (AUC2; p=0.05), ECP (AUC2; p=0.008), total proteins (AUC, p=0.02; AUC1, p=0.007; AUC2, p=0.05), and albumin (AUC, p=0.007; AUC1, p=0.02; AUC2, p=0.005). There was also a significant increase in the total protein level (AUC, p=0.05; AUC1, p=0.02; AUC2 p=0.05) and albumin (AUC, p=0.03; AUC1, p=0.03; AUC2, p=0.04) after ozone exposure versus air out of season. Significant increase of the neutrophils (p=0.01 and p=0.007) in the nasal lavage fluid (NLF) at time points 0 min and 360 min respectively were observed, while eosinophils and epithelial cells significantly increased only at time point 360 min (p=0.02 and p=0.02 respectively) all of them after ozone exposure versus filtered air during the season. Neutrophils also significantly increased in the NLF at time point 0 min and 360 min (p=0.03 and p=0.01) while epithelial cells increased only at time point 360 min (p=0.01) after ozone exposure versus filtered air out of season. We can conclude that ozone induces neutrophil and eosinophil recruitment into the nose and this is accompanied by activation, as evidenced by release of MPO and ECP in NAL. Pre-existing allergic mucosal inflammation during the pollen season, exaggerates the response to ozone, particularly in relationship to the recruitment of eosinophils and neutrophils 6h following exposure."
28653196,2017,Environmental science and pollution research international,10.1007/s11356-017-9279-8,"Air pollution and hospital visits for acute upper and lower respiratory infections among children in Ningbo, China: A time-series analysis.","Acute upper and lower respiratory infections are main causes of mortality and morbidity in children. Air pollution has been recognized as an important contributor to development and exacerbation of respiratory infections. However, few studies are available in China. In this study, we investigated the short-term effect of air pollution on hospital visits for acute upper and lower respiratory infections among children under 15 years in Ningbo, China. Poisson generalized models were used to estimate the associations between air pollution and hospital visits for acute upper and lower respiratory infections adjusted for temporal, seasonal, and meteorological effects. We found that four pollutants (PM2.5, PM10, NO2, and SO2) were significantly associated with hospital visits for acute upper and lower respiratory infections. The effect estimates for acute upper respiratory infections tended to be higher (PM2.5 ER = 3.46, 95% CI 2.18, 4.76; PM10 ER = 2.81, 95% CI 1.93, 3.69; NO2 ER = 11.27, 95% CI 8.70, 13.89; SO2 ER = 15.17, 95% CI 11.29, 19.19). Significant associations for gaseous pollutants (NO2 and SO2) were observed after adjustment for particular matter. Stronger associations were observed among older children and in the cold period. Our study suggested that short-term exposure to outdoor air pollution was associated with hospital visits for acute upper and lower respiratory infections in Ningbo."
31669447,2019,Contemporary clinical trials,10.1016/j.cct.2019.105854,Serum 25-hydroxyvitamin D in the VITamin D and OmegA-3 TriaL (VITAL): Clinical and demographic characteristics associated with baseline and change with randomized vitamin D treatment.,"The VITamin D and OmegA-3 TriaL (VITAL) is a completed randomized, placebo-controlled trial of vitamin D3 (2000 IU/day) and marine omega-3 (1 g/day) supplements in the primary prevention of cancer and cardiovascular disease. Here we examine baseline and change in 25-hydroxyvitamin D (25(OH)D) and related biomarkers with randomized treatment and by clinical factors. Baseline 25(OH)D was measured in 15,804 participants (mean age 68 years.; 50.8% women; 15.7% African Americans) and in 1660 1-year follow-up samples using liquid chromatography-tandem mass spectrometry and chemiluminescence. Calcium and parathyroid hormone (iPTH) were measured by chemiluminescence and spectrophotometry respectively. Mean baseline total 25(OH)D (ng/mL ± SD) was 30.8 ± 10.0 ng/mL, and correlated inversely with iPTH (r = -0.28), p < .001. After adjusting for clinical factors, 25(OH)D (ng/mL ± SE) was lower in men vs women (29.7 ± 0.30 vs 31.4 ± 0.30, p < .0001) and in African Americans vs whites (27.9 ± 0.29 vs 32.5 ± 0.22, p < .0001). It was also lower with increasing BMI, smoking, and latitude, and varied by season. Mean 1-year 25(OH)D increased by 11.9 ng/mL in the active group and decreased by 0.7 ng/mL in placebo. The largest increases were noted among individuals with low baseline and African Americans. Results were similar for chemiluminescent immunoassay. Mean calcium was unchanged, and iPTH decreased with treatment. In VITAL, baseline 25(OH)D varied by clinical subgroups, was lower in men and African Americans. Concentrations increased with vitamin D supplementation, with the greatest increases in those with lower baseline 25(OH)D. The seasonal trends in 25(OH)D, iPTH, and calcium may be relevant when interpreting 25(OH)D levels for clinical treatment decisions. VITAL ClinicalTrials.gov number NCT01169259."
9856358,1998,Journal of hypertension,10.1097/00004872-199816110-00004,Seasonal variations in home and ambulatory blood pressure in the PAMELA population. Pressione Arteriose Monitorate E Loro Associazioni.,"Clinic blood pressure values are known to change according to seasonal influences. We therefore examined home and 24 h ambulatory blood pressure values to determine whether these measurements are also affected by the seasons. In 2051 subjects of the Pressione Arteriose Monitorate E Loro Associazioni (PAMELA) study, we measured clinic (sphygmomanometric measurements), home (semi-automatic device) and ambulatory (Spacelabs 90207) systolic blood pressure, diastolic blood pressure and heart rate. Because the overall sample was evenly distributed over each month (except August), we were able to make a cross-sectional determination of whether the values differed between seasons. The corresponding heart rates were also evaluated. As expected, summer was associated with the lowest clinic blood pressure and winter with the highest, and this was the case also for home and 24 h average blood pressure, although seasonal differences in the latter were less pronounced. Seasonal clinic, home and ambulatory blood pressure patterns were similar for normotensive subjects (n = 1152), untreated hypertensives (n = 540) and treated hypertensives (n = 359). Heart rate values did not differ by season. Seasonal influences on blood pressure are not limited to conventional measurements but characterize daily values as well. These effects are visible in both normal and elevated blood pressure values, regardless of the effect of antihypertensive drugs. This has implications both for the clinician and for studies aimed at evaluating the effects of antihypertensive treatment."
28548872,2017,Chronobiology international,10.1080/07420528.2017.1324471,"Seasonal and time-of-day variations in acute non-image forming effects of illuminance level on performance, physiology, and subjective well-being.","This study investigated seasonal and time-of-day dependent moderations in the strength and direction of acute diurnal non-image forming (NIF) effects of illuminance level on performance, physiology, and subjective well-being. Even though there are indications for temporal variations in NIF-responsiveness to bright light, scientific insights into potential moderations by season are scarce. We employed a 2 (Light: 165 versus 1700 lx at the eye level, within) × 2 (Season: autumn/winter versus spring, between) × 2 (Time of day: morning versus afternoon, between) mixed-model design. During each of the two 90-min experimental sessions, participants (autumn/winter: N = 34; spring: N = 39) completed four measurement blocks (incl. one baseline block of 120 lx at the eye level) each consisting of a Psychomotor Vigilance Task (PVT) and a Backwards Digit-Span Task (BDST) including easy trials (4-6 digits) and difficult trials (7-8 digits). Heart rate (HR) and skin conductance level (SCL) were measured continuously. At the end of each lighting condition, subjective sleepiness, vitality, and mood were measured. The results revealed a clear indication for significant Light * Season interaction effects on both subjective sleepiness and vitality, which appeared only during the morning sessions. Participants felt significantly more vital and less sleepy in winter, but not in spring during bright light exposure in the morning. In line with these subjective parameters, participants also showed significantly better PVT performance in the morning in autumn/winter, but not in spring upon bright light exposure. Surprisingly, for difficult working memory performance, the opposite was found, namely worse performance during bright light exposure in winter, but better performance when exposed to bright light in spring. The effects of bright versus regular light exposure on physiology were quite subtle and largely nonsignificant. Overall, it can be concluded that acute illuminance-induced NIF effects on subjective alertness and vitality as well as objectively measured vigilance in the morning are significantly moderated by season. Possibly, these greater illuminance-induced benefits during the morning sessions in autumn/winter compared to spring occurred due to increased responsiveness to bright light exposure as a function of a relatively low prior light dose in autumn/winter."
19637047,2009,Chronobiology international,10.1080/07420520903044315,Daily and seasonal variation in the spectral composition of light exposure in humans.,"Light is considered the most potent synchronizer of the human circadian system and exerts many other non-image-forming effects, including those that affect brain function. These effects are mediated in part by intrinsically photosensitive retinal ganglion cells that express the photopigment melanopsin. The spectral sensitivity of melanopsin is greatest for blue light at approximately 480 nm. At present, there is little information on how the spectral composition of light to which people are exposed varies over the 24 h period and across seasons. Twenty-two subjects, aged 22+/-4 yrs (mean+/-SD) participated during the winter months (November-February), and 12 subjects aged 25+/-3 yrs participated during the summer months (April-August). Subjects wore Actiwatch-RGB monitors, as well as Actiwatch-L monitors, for seven consecutive days while living in England. These monitors measured activity and light exposure in the red, green, and blue spectral regions, in addition to broad-spectrum white light, with a 2 min resolution. Light exposure during the day was analyzed for the interval between 09:00 and 21:00 h. The time course of white-light exposure differed significantly between seasons (p = 0.0022), with light exposure increasing in the morning hours and declining in the afternoon hours, and with a more prominent decline in the winter. Overall light exposure was significantly higher in summer than winter (p = 0.0002). Seasonal differences in the relative contribution of blue-light exposure to overall light exposure were also observed (p = 0.0006), in particular during the evening hours. During the summer evenings (17:00-21:00 h), the relative contribution of blue light was significantly higher (p < 0.0001) (40.2+/-1.1%) than during winter evenings (26.6+/-0.9%). The present data show that in addition to overall light exposure, the spectral composition of light exposure varies over the day and with season."
33376586,2020,Journal of healthcare engineering,10.1155/2020/8862074,Application of the Lomb-Scargle Periodogram to InvestigateHeart Rate Variability during Haemodialysis.,"Short-term cardiovascular compensatory responses to perturbations in the circulatory system caused by haemodialysis can be investigated by the spectral analysis of heart rate variability, thus providing an important variable for categorising individual patients' response, leading to a more personalised treatment. This is typically accomplished by resampling the irregular heart rate to generate an equidistant time series prior to spectral analysis, but resampling can further distort the data series whose interpretation can already be compromised by the presence of artefacts. The Lomb-Scargle periodogram provides a more direct method of spectral analysis as this method is specifically designed for large, irregularly sampled, and noisy datasets such as those obtained in clinical settings. However, guidelines for preprocessing patient data have been established in combination with equidistant time-series methods and their validity when used in combination with the Lomb-Scargle approach is missing from literature. This paper examines the effect of common preprocessing methods on the Lomb-Scargle power spectral density estimate using both real and synthetic heart rate data and will show that many common techniques for identifying and editing suspect data points, particularly interpolation and replacement, will distort the resulting power spectrum potentially misleading clinical interpretations of the results. Other methods are proposed and evaluated for use with the Lomb-Scargle approach leading to the main finding that suspicious data points should be excluded rather than edited, and where required, denoising of the heart rate signal can be reliably accomplished by empirical mode decomposition. Some additional methods were found to be particularly helpful when used in conjunction with the Lomb-Scargle periodogram, such as the use of a false alarm probability metric to establish whether spectral estimates are valid and help automate the assessment of valid heart rate records, potentially leading to greater use of this powerful technique in a clinical setting."
37084790,2023,Sleep,10.1093/sleep/zsad098,Retired night shift workers exhibit poorer neurocognitive function compared to retired day workers.,"Shift work is associated with compromised cognitive function, and with chronic exposure, may place shift workers at elevated risk for dementia. However, evidence of cognitive impairment among former night shift workers is mixed, possibly due to inconsistencies regarding retirement status, work history classification, and cognitive assessments. To address these limitations, this study compared neurocognitive function between retired night shift workers and retired day workers using a well-characterized sample and a rigorous neurocognitive test battery. Participants (N = 61; mean age: 67.9 ± 4.7 years; 61% females; 13% non-white) were 31 retired day workers and 30 retired night shift workers equated on age, sex, race/ethnicity, premorbid IQ, years retired, and diary-assessed habitual sleep characteristics. Participants completed a neurocognitive battery assessing six cognitive domains (language, visuospatial ability, attention, immediate and delayed memory, executive function) and self-reported cognitive function. Linear regression models compared groups on individual cognitive domains, adjusting for age, sex, race/ethnicity, education level, and habitual sleep quality. Retired night shift workers scored lower than retired day workers on attention (B = -0.38, 95% CI [-0.75, -0.02], p = .040) and executive function (B = -0.55, 95% CI [-0.92, -0.17], p = .005). In post hoc analyses, attention and executive function were unrelated to diary-assessed habitual sleep characteristics (disruption, timing, and irregularity) in retired night shift workers. The observed cognitive weaknesses in retired night shift workers may suggest increased risk for future dementia. Retired night shift workers should be followed to determine whether observed weaknesses progress."
36803127,2023,Chronobiology international,10.1080/07420528.2023.2181179,Mediation analysis of circadian preferences and other behavioral and sociodemographic factors associated with subjective well-being in undergraduate students.,"Undergraduate students are usually subjected to a routine with constant pressure, stress, circadian misalignment, and sleep irregularity that impairs their subjective well-being. Recent evidence suggests that circadian preference is also a risk factor for impaired mental health and factors related to subjective well-being. This study aimed to identify the sociodemographic factors associated with subjective well-being and describe the mediating behavioral variables. Between September 2018 and March 2021, 615 Brazilian students enrolled in higher educational institutions completed an electronic form containing questionnaires on subjective well-being, sociodemographic, and behavioral-related factors (convenience sample). A statistical mediation model was applied to describe how these variables influence subjective well-being. We observed that Morningness (p < .001), identification with the male gender (p = .010), not working while studying (p = .048), and the practice of Pilates/yoga (p = .028) were associated with greater subjective well-being. Except for employment status, no direct effects were observed, which reinforces the need to consider a multidimensional approach. The relationship between subjective well-being and sociodemographic factors exists only in the presence of behavioral mediators, specifically perceived stress, daytime sleepiness, symptoms of depression, sleep quality, and positive and negative affects. Future work should investigate in more detail the impact of sleep, stress, and circadian preferences on this relationship."
27984098,2017,Journal of neuroscience methods,10.1016/j.jneumeth.2016.10.015,Dynamic Cross-Entropy.,"Complexity measures for time series have been used in many applications to quantify the regularity of one dimensional time series, however many dynamical systems are spatially distributed multidimensional systems. We introduced Dynamic Cross-Entropy (DCE) a novel multidimensional complexity measure that quantifies the degree of regularity of EEG signals in selected frequency bands. Time series generated by discrete logistic equations with varying control parameter r are used to test DCE measures. Sliding window DCE analyses are able to reveal specific period doubling bifurcations that lead to chaos. A similar behavior can be observed in seizures triggered by electroconvulsive therapy (ECT). Sample entropy data show the level of signal complexity in different phases of the ictal ECT. The transition to irregular activity is preceded by the occurrence of cyclic regular behavior. A significant increase of DCE values in successive order from high frequencies in gamma to low frequencies in delta band reveals several phase transitions into less ordered states, possible chaos in the human brain. To our knowledge there are no reliable techniques able to reveal the transition to chaos in case of multidimensional times series. In addition, DCE based on sample entropy appears to be robust to EEG artifacts compared to DCE based on Shannon entropy. The applied technique may offer new approaches to better understand nonlinear brain activity."
29260906,2018,Chronobiology international,10.1080/07420528.2017.1415921,Gender differences in sleep habits and quality and daytime sleepiness in elementary and high school teachers.,"The extensive workload of teachers inside and outside the classroom may contribute to sleep problems. Such problems may occur more frequently in women due to the combination of professional demands, domestic tasks, and their relatively greater sleep needs compared to men. The objective of this cross-sectional study was to evaluate the influence of gender on sleep habits and quality, and daytime sleepiness in a sample of 243 teachers (77 men and 166 women) using questionnaires. Linear regression models were used to examine the effect of gender on sleep measures; the unadjusted model considered only gender and the adjusted model considered chronotype and work characteristics as potential confounders. Bedtimes of women were significantly earlier than men during the week, but not on weekends, in the unadjusted and adjusted models. Time in bed was longer for women throughout the week and weekend in the unadjusted model. However, in the adjusted model, this statistical significance disappeared, and longer time in bed during the week was associated with teaching in one shift and for both levels of education. In addition, the female gender was associated with higher sleepiness scores compared to males in both models, and worse sleep quality in the adjusted model. Also, sleep quality was worse in subjects working in three shifts and in both types of schools (public and private). The tendency to eveningness was associated with later bedtimes and wake up times during both week days and weekends, higher irregularity of bedtimes and wake up times, and higher sleepiness scores in the adjusted model. Therefore, we suggest that female teachers do not fulfill their sleep needs and show higher levels of diurnal sleepiness and poor sleep quality that can be modulated by chronotype and some work characteristics. More studies are needed to evaluate the role of double workload on this pattern."
22080785,2011,Chronobiology international,10.3109/07420528.2011.606518,"Sleep and academic performance in undergraduates: a multi-measure, multi-predictor approach.","The present study examined the associations of sleep patterns with multiple measures of academic achievement of undergraduate university students and tested whether sleep variables emerged as significant predictors of subsequent academic performance when other potential predictors, such as class attendance, time devoted to study, and substance use are considered. A sample of 1654 (55% female) full-time undergraduates 17 to 25 yrs of age responded to a self-response questionnaire on sleep, academics, lifestyle, and well-being that was administered at the middle of the semester. In addition to self-reported measures of academic performance, a final grade for each student was collected at the end of the semester. Univariate analyses found that sleep phase, morningness/eveningness preference, sleep deprivation, sleep quality, and sleep irregularity were significantly associated with at least two academic performance measures. Among 15 potential predictors, stepwise multiple regression analysis identified 5 significant predictors of end-of-semester marks: previous academic achievement, class attendance, sufficient sleep, night outings, and sleep quality (R(2)=0.14 and adjusted R(2)=0.14, F(5, 1234)= 40.99, p < .0001). Associations between academic achievement and the remaining sleep variables as well as the academic, well-being, and lifestyle variables lost significance in stepwise regression. Together with class attendance, night outings, and previous academic achievement, self-reported sleep quality and self-reported frequency of sufficient sleep were among the main predictors of academic performance, adding an independent and significant contribution, regardless of academic variables and lifestyles of the students."
35809464,2022,Journal of the mechanical behavior of biomedical materials,10.1016/j.jmbbm.2022.105345,Development of an architecture-property model for triply periodic minimal surface structures and validation using material extrusion additive manufacturing with polyetheretherketone (PEEK).,"Additively manufactured structures designed from triply periodic minimal surfaces (TPMSs) have been receiving attention for their potential uses in the medical, aerospace, and automobile industries. Understanding how these complex geometries can be designed to achieve particular architectural and mechanical properties is essential for tuning their function to certain applications. In this study, we created design tools for visualizing the interplay between TPMS design parameters and resulting architecture and aimed to validate a model of the relationship between structure architecture and Young's modulus. A custom MATLAB script was written to analyze structural properties for families of Schoen gyroid and Schwarz diamond structures, and a numerical homogenization scheme was performed to predict the effective Young's moduli of the structures based on their architecture. Our modeling methods were validated experimentally with polyetheretherketone (PEEK) structures created using material extrusion additive manufacturing. The architectural characteristics of the structures were determined using micro-computed tomography, and compression testing was performed to determine yield strength and Young's modulus. Two different initial build orientations were tested to determine the behavior both perpendicular and parallel to the layer deposition direction (referred to as z-direction and xy-direction, respectively). The z-direction Young's modulus ranged from 289.7 to 557.5 MPa and yield strength ranged from 10.12 to 20.3 MPa. For the xy-direction, Young's modulus ranged from 133.8 to 416.4 MPa and yield strength ranged from 3.8 to 12.2 MPa. For each initial build orientation, the mechanical properties were found to decrease with increasing porosity, and failure occurred due to both strut bending and interlayer debonding. The mechanical properties predicted by the modeling agreed with the values found for z-direction samples (difference 2-11%) but less so for xy-direction samples (difference 27-62%) due to weak interlayer bonding and print path irregularities. Ultimately, the findings presented here provide better understanding of the range of properties achievable for additive manufacturing of PEEK and encouraging results for a TPMS architecture-property model."
11708361,1999,Biological rhythm research,10.1076/brhm.30.2.149.1424,A procedure of multiple period searching in unequally spaced time-series with the Lomb-Scargle method.,"Periodogram analysis of unequally spaced time-series, as part of many biological rhythm investigations, is complicated. The mathematical framework is scattered over the literature, and the interpretation of results is often debatable. In this paper, we show that the Lomb-Scargle method is the appropriate tool for periodogram analysis of unequally spaced data. A unique procedure of multiple period searching is derived, facilitating the assessment of the various rhythms that may be present in a time-series. All relevant mathematical and statistical aspects are considered in detail, and much attention is given to the correct interpretation of results. The use of the procedure is illustrated by examples, and problems that may be encountered are discussed. It is argued that, when following the procedure of multiple period searching, we can even benefit from the unequal spacing of a time-series in biological rhythm research."
17271662,2004,Conference proceedings : ... Annual International Conference of the IEEE Engineering in Medicine and Biology Society. IEEE Engineering in Medicine and Biology Society. Annual Conference,10.1109/IEMBS.2004.1403144,Lomb-Wech periodogram for non-uniform sampling.,"The Lomb-Scargle transform has been proposed for the direct evaluation, namely without interpolation, of non-uniformly sampled signals. In its current form, it is suitable only for single transform evaluation due to the implicit normalization. Enhancements of this transform are proposed to allow the evaluation of shorter transforms, combined with windows and averaging of overlapped records. This requires a de-normalization of the transform by a factor of 2(sigma)/sup 2//N, the use of equal time duration records, and multiplication by windows sampled at corresponding non-uniform time instances. This results in a Welch-like periodogram for non-uniform sampling."
23467927,2014,Magnetic resonance in medicine,10.1002/mrm.24708,Automatic detection of small bowel contraction frequencies in motility plots using lomb-scargle periodogram and sinus-fitting method--initial experience.,"Contraction frequencies are an important parameter for the analysis of bowel motility in MRI. The contraction curve can be rather noisy and the frequency-evaluation might be difficult. The aim was to evaluate manual calculations of small bowel contraction frequency in comparison with automatic calculations using two mathematically established methods. The institutional-review-board approved study consisted of 48 segmental small-bowel motility-plots out of a previous study with 25 patients (15 men/10 women; mean 39 years, standard deviation ± 14.67) undergoing MRI (1.5 T, GE-Medical Systems; two-dimensional-Fiesta, pulse repetition time 2.91, echo time 1.25, flip-angle 45°, matrix 256 × 256, slice thickness 10 mm) were evaluated. Calculations of contraction frequency was performed either manually or using Lomb-Scargle-periodograms and Sinus-Fitting method. The results were compared using intraclass correlation coefficient, Friedman's-test and Wilcoxon-matched-paired-signed-rank-test (P < 0.05 considered statistically significant). Mean contraction frequency was 5.69 (standard deviation ± 1.99) for manual calculations showing moderate interreader reliability (intraclass correlation coefficient 0.72; 95% confidence-interval: 0.59;0.82). No significant difference (P = 0.776) was found to Lomb-Scargle-periodograms (5.34 contractions-per-minute [cpm], standard deviation ± 2.47; P = 0.174) and to the sinus-fitting-method (5.47 cpm; standard deviation ± 2.57; P = 0.0779). For the latter calculations failed in 3/48 plots, while manual and Lomb-Scargle-periodograms could be performed successfully in all 48/48 plots. Herein, we could show that Lomb-Scargle-periodograms and Sinus-Fitting are fast and reliable methods to automatically measure small-bowel contraction frequencies even in noisy small bowel motility plots."
35973565,2022,NeuroImage,10.1016/j.neuroimage.2022.119561,Quantifying rhythmicity in perceptual reports.,"Several recent studies investigated the rhythmic nature of cognitive processes that lead to perception and behavioral report. These studies used different methods, and there has not yet been an agreement on a general standard. Here, we present a way to test and quantitatively compare these methods. We simulated behavioral data from a typical experiment and analyzed these data with several methods. We applied the main methods found in the literature, namely sine-wave fitting, the discrete Fourier transform (DFT) and the least square spectrum (LSS). DFT and LSS can be applied both on the average accuracy time course and on single trials. LSS is mathematically equivalent to DFT in the case of regular, but not irregular sampling - which is more common. LSS additionally offers the possibility to take into account a weighting factor which affects the strength of the rhythm, such as arousal. Statistical inferences were done either on the investigated sample (fixed-effects) or on the population (random-effects) of simulated participants. Multiple comparisons across frequencies were corrected using False Discovery Rate, Bonferroni, or the Max-Based approach. To perform a quantitative comparison, we calculated sensitivity, specificity and D-prime of the investigated analysis methods and statistical approaches. Within the investigated parameter range, single-trial methods had higher sensitivity and D-prime than the methods based on the average accuracy time course. This effect was further increased for a simulated rhythm of higher frequency. If an additional (observable) factor influenced detection performance, adding this factor as weight in the LSS further improved sensitivity and D-prime. For multiple comparison correction, the Max-Based approach provided the highest specificity and D-prime, closely followed by the Bonferroni approach. Given a fixed total amount of trials, the random-effects approach had higher D-prime when trials were distributed over a larger number of participants, even though this gave less trials per participant. Finally, we present the idea of using a dampened sinusoidal oscillator instead of a simple sinusoidal function, to further improve the fit to behavioral rhythmicity observed after a reset event."
23992815,2013,"American journal of orthodontics and dentofacial orthopedics : official publication of the American Association of Orthodontists, its constituent societies, and the American Board of Orthodontics",10.1016/j.ajodo.2013.05.004,Long-term stability: postretention changes of the mandibular anterior teeth.,"Our objectives were to evaluate the long-term posttreatment changes of orthodontically corrected mandibular anterior malalignment and to determine the factors explaining these changes. The sample consisted of 66 subjects (mean age, 15.4 ± 1.7 years) selected from 7 private practices. The teeth had been retained for approximately 3 years and followed for 15.6 ± 5.9 years posttreatment. Longitudinal study models and cephalograms were analyzed to quantify the malalignment and growth changes that occurred. Crowding (1.2 ± 0.9 mm) and irregularity (1.5 ± 1.8 mm) showed only small average increases over the postretention period; only 26% of the sample had more than 3.5 mm of postretention irregularity. Variation in crowding explained 16% of the differences among subjects in irregularity. Growth variables (posterior facial height and mandibular rotation) and interarch variables (incisor-mandibular plane angle, interincisal angle, overbite, and overjet) were not significantly related to malalignment. Postretention malalignment changes were related to posttreatment anterior arch perimeter, intercanine width, and arch form, together indicating that narrower arch forms are likely to show greater posttreatment malalignment changes. Patients treated with extractions showed significantly greater malalignment than those treated without extractions; this was related to arch form. Patients who received interproximal restorations after treatment also showed significantly greater postretention malalignment than patients who did not. Orthodontic treatment is not inherently unstable. Narrow arch forms and interproximal restorations are potential risk factors for the development of postretention malalignment."
36244199,2022,Journal of psychiatric research,10.1016/j.jpsychires.2022.10.019,Sleep and circadian rhythm profiles in seasonal depression.,"Sleep and circadian rhythm disruptions are symptoms of, and hypothesized underlying mechanisms in, seasonal depression. Discrepant observational findings and mixed responses to sleep/circadian-based treatments suggest heterogenous sleep and circadian disruptions in seasonal depression, despite these disruptions historically conceptualized as delayed circadian phase and hypersomnia. This study used a data-driven cluster analysis to characterize sleep/circadian profiles in seasonal depression to identify treatment targets for future interventions. Biobehavioral measures of sleep and circadian rhythms were assessed during the winter in individuals with Seasonal Affective Disorder (SAD), subsyndromal-SAD (S-SAD), or nonseasonal, never depressed controls (total sample N = 103). The following variables were used in the cluster analysis: circadian phase (from dim light melatonin onset), midsleep timing, total sleep time, sleep efficiency, regularity of midsleep timing, and nap duration (all from wrist actigraphy). Sleep and circadian variables were compared across clusters and controls. Despite limited sleep/circadian differences between diagnostic groups, there were two reliable (Jaccard Coefficients >0.75) sleep/circadian profiles in SAD/S-SAD individuals: a 'Disrupted sleep' cluster, characterized by irregular and fragmented sleep and an 'Advanced' cluster, characterized by early sleep and circadian timing and longer total sleep times (>7.5 h). Clusters did not differ by depression severity. Midsleep correlated with DLMO (r = 0.56), irregularity (r = 0.3), and total sleep time (r = -0.27). Sleep and circadian disruptions in seasonal depression are not uniformly characterized by hypersomnia and circadian phase delay. Presence of distinct sleep and circadian subgroups in seasonal depression may predict successful treatment response. Prospective assessment and tailoring of individual sleep and circadian disruptions may reduce treatment failures."
27482382,2016,Movement ecology,10.1186/s40462-016-0084-7,"Uncovering periodic patterns of space use in animal tracking data with periodograms, including a new algorithm for the Lomb-Scargle periodogram and improved randomization tests.","Periodicity in activity level (rest/activity cycles) is ubiquitous in nature, but whether and how these periodicities translate into periodic patterns of space use by animals is much less documented. Here we introduce an analytical protocol based on the Lomb-Scargle periodogram (LSP) to facilitate exploration of animal tracking datasets for periodic patterns. The LSP accommodates missing observations and variation in the sampling intervals of the location time series. We describe a new, fast algorithm to compute the LSP. The gain in speed compared to other R implementations of the LSP makes it tractable to analyze long datasets (>10(6) records). We also give a detailed primer on periodicity analysis, focusing on the specificities of movement data. In particular, we warn against the risk of flawed inference when the sampling schedule creates artefactual periodicities and we introduce a new statistical test of periodicity that accommodates temporally autocorrelated background noise. Applying our LSP-based analytical protocol to tracking data from three species revealed that an ungulate exhibited periodicity in its movement speed but not in its locations, that a central place-foraging seabird tracked moon phase, and that the movements of a range-resident canid included a daily patrolling component that was initially masked by the stochasticity of the movements. The new, fast algorithm tailored for movement data analysis and now available in the R-package ctmm makes the LSP a convenient exploratory tool to detect periodic patterns in animal movement data."
38601852,2024,Ecology and evolution,10.1002/ece3.11243,Optimal sampling interval for characterisation of the circadian rhythm of body temperature in homeothermic animals using periodogram and cosinor analysis.,"Core body temperature (T c) is a critical aspect of homeostasis in birds and mammals and is increasingly used as a biomarker of the fitness of an animal to its environment. Periodogram and cosinor analysis can be used to estimate the characteristics of the circadian rhythm of T c from data obtained on loggers that have limited memory capacity and battery life. The sampling interval can be manipulated to maximise the recording period, but the impact of sampling interval on the output of periodogram or cosinor analysis is unknown. Some basic guidelines are available from signal analysis theory, but those guidelines have never been tested on T c data. We obtained data at 1-, 5- or 10-min intervals from nine avian or mammalian species, and re-sampled those data to simulate logging at up to 240-min intervals. The period of the rhythm was first analysed using the Lomb-Scargle periodogram, and the mesor, amplitude, acrophase and adjusted coefficient of determination (R 2) from the original and the re-sampled data were obtained using cosinor analysis. Sampling intervals longer than 60 min did not affect the average mesor, amplitude, acrophase or adjusted R 2, but did impact the estimation of the period of the rhythm. In most species, the period was not detectable when intervals longer than 120 min were used. In all individual profiles, a 30-min sampling interval modified the values of the mesor and amplitude by less than 0.1°C, and the adjusted R 2 by less than 0.1. At a 30-min interval, the acrophase was accurate to within 15 min for all species except mice. The adjusted R 2 increased as sampling frequency decreased. In most cases, a 30-min sampling interval provides a reliable estimate of the circadian T c rhythm using periodogram and cosinor analysis. Our findings will help biologists to select sampling intervals to fit their research goals."
18068420,2008,Mutation research,10.1016/j.mrgentox.2007.10.006,Chromosome aberration and micronucleus frequencies in Allium cepa cells exposed to petroleum polluted water--a case study.,"In the present study, we applied Chromosome Aberration (CA) and Micronucleus (MN) tests to Allium cepa root cells, in order to evaluate the water quality of Guaecá river. This river, located in the city of São Sebastião, SP, Brazil, had been affected by an oil pipeline leak. Chemical analyses of Total Petroleum Hydrocarbons (TPHs) and Polycyclic Aromatic Hydrocarbons (PAHs) were also carried out in water samples, collected in July 2005 (dry season) and February 2006 (rainy season) in 4 different river sites. The largest CA and MN incidence in the meristematic cells of A. cepa was observed after exposure to water sample collected during the dry season, at the spring of the river, where the oil leak has arisen. The F(1) cells from roots exposed to such sample (non-merismatic region) were also analyzed for the incidence of MN, showing a larger frequency of irregularities, indicating a possible development of CA into MN. Lastly, our study reveals a direct correlation between water chemical analyses (contamination by TPHs and PAHs) and both genotoxic and mutagenic effects observed in exposed A. cepa cells."
32774786,2020,Computational and structural biotechnology journal,10.1016/j.csbj.2020.07.002,Genome-wide circadian regulation: A unique system for computational biology.,"Circadian rhythms are 24-hour oscillations affecting an organism at multiple levels from gene expression all the way to tissues and organs. They have been observed in organisms across the kingdom of life, spanning from cyanobacteria to humans. In mammals, the master circadian pacemaker is located in the hypothalamic suprachiasmatic nuclei (SCN) in the brain where it synchronizes the peripheral oscillators that exist in other tissues. This system regulates the circadian activity of a large part of the transcriptome and recent findings indicate that almost every cell in the body has this clock at the molecular level. In this review, we briefly summarize the different factors that can influence the circadian transcriptome, including light, temperature, and food intake. We then summarize recently identified general principles governing genome-scale circadian regulation, as well as future lines of research. Genome-scale circadian activity represents a fascinating study model for computational biology. For this purpose, systems biology methods are promising exploratory tools to decode the global regulatory principles of circadian regulation."
18475007,2008,Physics in medicine and biology,10.1088/0031-9155/53/11/N01,Development and preliminary evaluation of a prototype audiovisual biofeedback device incorporating a patient-specific guiding waveform.,"The aim of this research was to investigate the effectiveness of a novel audio-visual biofeedback respiratory training tool to reduce respiratory irregularity. The audiovisual biofeedback system acquires sample respiratory waveforms of a particular patient and computes a patient-specific waveform to guide the patient's subsequent breathing. Two visual feedback models with different displays and cognitive loads were investigated: a bar model and a wave model. The audio instructions were ascending/descending musical tones played at inhale and exhale respectively to assist in maintaining the breathing period. Free-breathing, bar model and wave model training was performed on ten volunteers for 5 min for three repeat sessions. A total of 90 respiratory waveforms were acquired. It was found that the bar model was superior to free breathing with overall rms displacement variations of 0.10 and 0.16 cm, respectively, and rms period variations of 0.77 and 0.33 s, respectively. The wave model was superior to the bar model and free breathing for all volunteers, with an overall rms displacement of 0.08 cm and rms periods of 0.2 s. The reduction in the displacement and period variations for the bar model compared with free breathing was statistically significant (p = 0.005 and 0.002, respectively); the wave model was significantly better than the bar model (p = 0.006 and 0.005, respectively). Audiovisual biofeedback with a patient-specific guiding waveform significantly reduces variations in breathing. The wave model approach reduces cycle-to-cycle variations in displacement by greater than 50% and variations in period by over 70% compared with free breathing. The planned application of this device is anatomic and functional imaging procedures and radiation therapy delivery."
16303799,2006,"Bioinformatics (Oxford, England)",10.1093/bioinformatics/bti789,Detecting periodic patterns in unevenly spaced gene expression time series using Lomb-Scargle periodograms.,"Periodic patterns in time series resulting from biological experiments are of great interest. The commonly used Fast Fourier Transform (FFT) algorithm is applicable only when data are evenly spaced and when no values are missing, which is not always the case in high-throughput measurements. The choice of statistic to evaluate the significance of the periodic patterns for unevenly spaced gene expression time series has not been well substantiated. The Lomb-Scargle periodogram approach is used to search time series of gene expression to quantify the periodic behavior of every gene represented on the DNA array. The Lomb-Scargle periodogram analysis provides a direct method to treat missing values and unevenly spaced time points. We propose the combination of a Lomb-Scargle test statistic for periodicity and a multiple hypothesis testing procedure with controlled false discovery rate to detect significant periodic gene expression patterns. We analyzed the Plasmodium falciparum gene expression dataset. In the Quality Control Dataset of 5080 expression patterns, we found 4112 periodic probes. In addition, we identified 243 probes with periodic expression in the Complete Dataset, which could not be examined in the original study by the FFT analysis due to an excessive number of missing values. While most periodic genes had a period of 48 h, some had a period close to 24 h. Our approach should be applicable for detection and quantification of periodic patterns in any unevenly spaced gene expression time-series data."
26497961,2015,American journal of physiology. Heart and circulatory physiology,10.1152/ajpheart.00300.2015,Circadian variation of variability and irregularity of heart rate in patients with permanent atrial fibrillation: relation to symptoms and rate control drugs.,"The aim of the present study was to evaluate diurnal variations of the variability and irregularity of heart rate (HR) in patients with permanent atrial fibrillation (AF) with and without rate control drugs. Thirty-eight patients with permanent AF were part of an investigator-blind crossover study comparing diltiazem, verapamil, metoprolol, and carvedilol. We analyzed five Holter recordings per patient: at baseline (no rate control drug) and with each of the four drug regimens. HR, variability (SD; percentages of interval differences of successive RR intervals of >20, 50, and 80 ms; and root of the mean squared differences of successive RR intervals), and irregularity (approximate and sample entropy) parameters were computed in 20-min long nonoverlapping segments. Circadian rhythmicity was evaluated using cosinor analysis to each parameter series, which is characterized by the 24-h mean [midline statistic of rhythm (MESOR)] and excursion over the mean (amplitude). Arrhythmia-related symptoms were assessed by a questionnaire measuring symptom severity and frequency. HR and variability parameters showed a significant circadian variation in most patients, whereas only a small minority of the patients had circadian variations of irregularity parameters. Patients with circadian approximate entropy n at baseline had more severe symptoms (symptom severity: 9 ± 4 vs. 6 ± 5, P < 0.05, circadian vs. noncircadian variations). All drugs decreased the MESOR of HR and increased the MESOR of variability parameters. Only carvedilol and metoprolol decreased the normalized amplitude over 24 h of all parameters and HR. In conclusion, HR and RR variability parameters present a circadian variation in patients with permanent AF, whereas few patients demonstrated circadian fluctuations in irregularity parameters, suggesting different physiological mechanisms."
35600291,2022,Frontiers in physiology,10.3389/fphys.2022.785706,Seasonality in Biological Rhythms in Scandinavian brown Bears.,"Biological rhythms, such as rhythms in activity and body temperature, are usually highly synchronized and entrained by environmental conditions, such as photoperiod. However, how the expression of these rhythms changes during hibernation, when the perception of environmental cues is limited, has not yet been fully understood for all hibernators, especially in the wild. The brown bear (Ursus arctos) in Scandinavia lives in a highly seasonal environment and adapts to harsh winter conditions by exhibiting hibernation, characterized by reduced metabolism and activity. In this study, we aimed to explore the expression of biological rhythms in activity, body temperature and heart rate of free-ranging brown bears over the annual cycle, including active, hibernation and the transition states around den entry and exit. We found that rhythms in physiology and activity are mostly synchronized and entrained by the light-dark cycle during the bears' active state with predominantly diel and ultradian rhythms for body temperature, activity and heart rate. However, during hibernation, rhythms in body temperature and heart rate were considerably slowed down to infradian rhythms, influenced by the amount of snow in the denning area, whereas rhythms in activity remained diel. Rhythms in the transition states when bears prepared for entering or coming out of hibernation state displayed a combination of infradian and diel rhythms, indicating the preparation of the body for the change in environmental conditions. These results reveal that brown bears adjust their biological rhythms to the seasonal environment they inhabit. Rhythms in physiology and activity show simultaneity during the active state but are partly disconnected from each other during hibernation, when bears are most sheltered from the environment."
11665689,2001,Biological rhythm research,10.1076/brhm.32.3.341.1340,Emphasizing difficulties in the detection of rhythms with Lomb-Scargle periodograms.,"The Lomb-Scargle periodogram was introduced in astrophysics to detect sinusoidal signals in noisy unevenly sampled time series. It proved to be a powerful tool in time series analysis and has recently been adapted in biomedical sciences. Its use is motivated by handling non-uniform data which is a common characteristic due to the restricted and irregular observations of, for instance, free-living animals. However, the observational data often contain fractions of non-Gaussian noise or may consist of periodic signals with non-sinusoidal shapes. These properties can make more difficult the interpretation of Lomb-Scargle periodograms and can lead to misleading estimates. In this letter we illustrate these difficulties for noise-free bimodal rhythms and sinusoidal signals with outliers. The examples are aimed to emphasize limitations and to complement the recent discussion on Lomb-Scargle periodograms."
39081120,2024,Environmental microbiology reports,10.1111/1758-2229.13299,Seasonal and interannual variability of the free-living and particle-associated bacteria of a coastal microbiome.,"Marine microbial communities differ genetically, metabolically, and ecologically according to their lifestyle, and they may respond differently to environmental changes. In this study, we investigated the seasonal dynamics of bacterial assemblies in the free-living (FL) and particle-associated (PA) fractions across a span of 6 years in the Blanes Bay Microbial Observatory in the Northwestern Mediterranean. Both lifestyles showed marked seasonality. The trends in alpha diversity were similar, with lower values in spring-summer than in autumn-winter. Samples from both fractions were grouped seasonally and the percentage of community variability explained by the measured environmental variables was comparable (32% in FL and 31% in PA). Canonical analyses showed that biotic interactions were determinants of bacterioplankton dynamics and that their relevance varies depending on lifestyles. Time-decay curves confirmed a high degree of predictability in both fractions. Yet, 'seasonal' Amplicon Sequence Variants (ASVs) (as defined by Lomb Scargle time series analysis) in the PA communities represented 46% of the total relative abundance while these accounted for 30% in the FL fraction. These results demonstrate that bacteria inhabiting both fractions exhibit marked seasonality, highlighting the importance of accounting for both lifestyles to fully comprehend the dynamics of marine prokaryotic communities."
12667496,2002,Neuroscience and biobehavioral reviews,10.1016/s0149-7634(02)00103-3,"Identification and ranking of genetic and laboratory environment factors influencing a behavioral trait, thermal nociception, via computational analysis of a large data archive.","Laboratory conditions in biobehavioral experiments are commonly assumed to be 'controlled', having little impact on the outcome. However, recent studies have illustrated that the laboratory environment has a robust effect on behavioral traits. Given that environmental factors can interact with trait-relevant genes, some have questioned the reliability and generalizability of behavior genetic research designed to identify those genes. This problem might be alleviated by the identification of the most relevant environmental factors, but the task is hindered by the large number of factors that typically vary between and within laboratories. We used a computational approach to retrospectively identify and rank sources of variability in nociceptive responses as they occurred in a typical research laboratory over several years. A machine-learning algorithm was applied to an archival data set of 8034 independent observations of baseline thermal nociceptive sensitivity. This analysis revealed that a factor even more important than mouse genotype was the experimenter performing the test, and that nociception can be affected by many additional laboratory factors including season/humidity, cage density, time of day, sex and within-cage order of testing. The results were confirmed by linear modeling in a subset of the data, and in confirmatory experiments, in which we were able to partition the variance of this complex trait among genetic (27%), environmental (42%) and genetic x environmental (18%) sources."
37660078,2023,BMC infectious diseases,10.1186/s12879-023-08532-1,Seasonality of cholera in Kolkata and the influence of climate.,"Cholera in Kolkata remains endemic and the Indian city is burdened with a high number of annual cases. Climate change is widely considered to exacerbate cholera, however the precise relationship between climate and cholera is highly heterogeneous in space and considerable variation can be observed even within the Indian subcontinent. To date, relatively few studies have been conducted regarding the influence of climate on cholera in Kolkata. We considered 21 years of confirmed cholera cases from the Infectious Disease Hospital in Kolkata during the period of 1999-2019. We used Generalised Additive Modelling (GAM) to extract the non-linear relationship between cholera and different climatic factors; temperature, rainfall and sea surface temperature (SST). Peak associated lag times were identified using cross-correlation lag analysis. Our findings revealed a bi-annual pattern of cholera cases with two peaks coinciding with the increase in temperature in summer and the onset of monsoon rains. Variables selected as explanatory variables in the GAM model were temperature and rainfall. Temperature was the only significant factor associated with summer cholera (mean temperature of 30.3 °C associated with RR of 3.8) while rainfall was found to be the main driver of monsoon cholera (550 mm total monthly rainfall associated with RR of 3.38). Lag time analysis revealed that the association between temperature and cholera cases in the summer had a longer peak lag time compared to that between rainfall and cholera during the monsoon. We propose several mechanisms by which these relationships are mediated. Kolkata exhibits a dual-peak phenomenon with independent mediating factors. We suggest that the summer peak is due to increased bacterial concentration in urban water bodies, while the monsoon peak is driven by contaminated flood waters. Our results underscore the potential utility of preventative strategies tailored to these seasonal and climatic patterns, including efforts to reduce direct contact with urban water bodies in summer and to protect residents from flood waters during monsoon."
15192897,2004,"Public health reports (Washington, D.C. : 1974)",10.1177/003335490411900203,Firearm homicide and firearm suicide: opposite but equal.,"Homicide and suicide are intentional acts of violence that disproportionately involve firearms. Much more effort has been devoted to the ecological study of homicide; methods that have been developed to better understand and subsequently prevent homicide may be applicable to suicide. The purpose of the present study was to compare the occurrence of firearm homicide and firearm suicide using routine activity theory as a framework for analysis. Detailed mortality data pertaining to decedents, their neighborhoods, and use of firearms were collected from 1994 to 1998 for the counties containing and surrounding three small to medium-sized U.S. cities. Data from a total of 468 neighborhoods that collectively experienced 1,025 intentional deaths from firearms (396 firearm homicides and 629 firearm suicides) were analyzed. Firearm homicide was consistently associated with out-of-home, nighttime activity in neighborhoods where many people were likely to be coming and going. In an opposite-but-equal fashion, firearm suicide was consistently associated with in-home, daytime activity in out-of-the-way neighborhoods. Firearm homicide and firearm suicide were found to be consistently associated with markers of routine activity in all three cities, albeit in an opposite-but-equal manner. Because firearm suicides very often occur as lonely events in lonely neighborhoods, they may go under-noticed relative to firearm homicides. More awareness and additional public health studies of firearm suicide, in tandem with firearm homicide, should be pursued to better identify individuals and neighborhoods that are at greatest risk of experiencing each event."
36088877,2023,Journal of hazardous materials,10.1016/j.jhazmat.2022.129910,The role of sources and meteorology in driving PM,"The role of chloride in atmospheric chemistry received increased attention over recent years. Given the primary and chemical-active nature of PM2.5-bound chlorine (p-Cl-), it makes sense to get to know the sources and processes of p-Cl-. The temporal behavior of observed p-Cl- concentration based on 1-h high resolution exhibited seasonal variation of high in winter, low in summer and diurnal variation of high in the morning, low in afternoon. Meteorological normalization technique based on random forest was used to disentangle the effects of emission changes which affected the seasonal variation and meteorology which was related to diurnal variation on p-Cl-. Generalized additive model (GAM) identified RH and temperature as the key meteorological factors of p-Cl- generation, and p-Cl- pollution was serious under the condition of low temperature and high RH. Dispersion-normalized positive matrix factorization (DN-PMF) was used to apportion the p-Cl- to its sources, finding that coal combustion was the main source of p-Cl-, followed by biomass burning and industrial process emissions. Our results will provide the basis for further analysis the causes of p-Cl- pollution and composite air pollution control strategies."
32764762,2020,PloS one,10.1371/journal.pone.0232733,Seasonal weight changes in laboratory ferrets.,"Ferrets (Mustela putorius furo) are a valuable animal model used in biomedical research. Like many animals, ferrets undergo significant variation in body weight seasonally, affected by photoperiod, and these variations complicate the use weight as an indicator of health status. To overcome this requires a better understanding of these seasonal weight changes. We provide a normative weight data set for the female ferret accounting for seasonal changes, and also investigate the effect of fluid regulation on weight change. Female ferrets (n = 39) underwent behavioural testing from May 2017 to August 2019 and were weighed daily, while housed in an animal care facility with controlled light exposure. In the winter (October to March), animals experienced 10 hours of light and 14 hours of dark, while in summer (March to October), this contingency was reversed. Individual animals varied in their body weight from approximately 700 to 1200 g. However, weights fluctuated with light cycle, with animals losing weight in summer, and gaining weight in winter such that they fluctuated between approximately 80% and 120% of their long-term average. Ferrets were weighed as part of their health assessment while experiencing water regulation for behavioural training. Water regulation superimposed additional weight changes on these seasonal fluctuations, with weight loss during the 5-day water regulation period being greater in summer than winter. Analysing the data with a Generalised Linear Model confirmed that the percentage decrease in weight per week was relatively constant throughout the summer months, while the percentage increase in body weight per week in winter decreased through the season. Finally, we noted that the timing of oestrus was reliably triggered by the increase in day length in spring. These data establish a normative benchmark for seasonal weight variation in female ferrets that can be incorporated into the health assessment of an animal's condition."
35901639,2022,Epidemics,10.1016/j.epidem.2022.100614,Determinants of RSV epidemiology following suppression through pandemic contact restrictions.,"COVID-19 related non-pharmaceutical interventions (NPIs) led to a suppression of RSV circulation in winter 2020/21 in the UK and an off-season resurgence in Summer 2021. We explore how the parameters of RSV epidemiology shape the size and dynamics of post-suppression resurgence and what we can learn about them from the resurgence patterns observed so far. We developed an age-structured dynamic transmission model of RSV and sampled the parameters governing RSV seasonality, infection susceptibility and post-infection immunity, retaining simulations fitting the UK's pre-pandemic epidemiology by a set of global criteria consistent with likelihood calculations. From Spring 2020 to Summer 2021 we assumed a reduced contact frequency, returning to pre-pandemic levels from Spring 2021. We simulated transmission forwards until 2023 and evaluated the impact of the sampled parameters on the projected trajectories of RSV hospitalisations and compared these to the observed resurgence. Simulations replicated an out-of-season resurgence of RSV in 2021. If unmitigated, paediatric RSV hospitalisation incidence in the 2021/22 season was projected to increase by 30-60% compared to pre-pandemic levels. The increase was larger if infection risk was primarily determined by immunity acquired from previous exposure rather than age-dependent factors, exceeding 90 % and 130 % in 1-2 and 2-5 year old children, respectively. Analysing the simulations replicating the observed early outbreak in 2021 in addition to pre-pandemic RSV data, we found they were characterised by weaker seasonal forcing, stronger age-dependence of infection susceptibility and higher baseline transmissibility. COVID-19 mitigation measures in the UK stopped RSV circulation in the 2020/21 season and generated immunity debt leading to an early off-season RSV epidemic in 2021. A stronger dependence of infection susceptibility on immunity from previous exposure increases the size of the resurgent season. The early onset of the RSV resurgence in 2021, its marginally increased size relative to previous seasons and its decline by January 2022 suggest a stronger dependence of infection susceptibility on age-related factors, as well as a weaker effect of seasonality and a higher baseline transmissibility. The pattern of resurgence has been complicated by contact levels still not back to pre-pandemic levels. Further fitting of RSV resurgence in multiple countries incorporating data on contact patterns will be needed to further narrow down these parameters and to better predict the pathogen's future trajectory, planning for a potential expansion of new immunisation products against RSV in the coming years."
40611319,2025,Infectious diseases of poverty,10.1186/s40249-025-01319-3,Seasonality and mycobacterial infectious diseases in animals and humans: is there a generality of seasonal patterns for mycobacterial infections?,"Seasonal patterns of mycobacterial infections affecting humans and animals remain a complex and understudied aspect of infectious disease dynamics. These intra-annual patterns are increasingly relevant in the context of global climate change, which may influence the timing and geographic spread of these diseases. A better understanding of such patterns could improve surveillance, prevention, and control strategies. We conducted a mixed-methods bibliometric review combining bibliographic searches and scoping analysis to synthesize decades of research on the seasonality of mycobacterial infections in humans and animals. We systematically searched three major scientific databases-Scopus, PubMed-MEDLINE, and Web of Science-for articles published between 1971 and April 2023. From an initial dataset of 1830 unique articles, we identified and analysed 122 studies that met predefined inclusion criteria. We extracted information on pathogen type, statistical methods, geographic location, and host species. In addition, we conducted a co-citation network analysis to identify key methodological influences and research clusters. The retained studies encompassed tuberculosis, Buruli ulcer, bovine tuberculosis, and other mycobacterial diseases such as leprosy and Johne's disease. Most articles focused on tuberculosis in humans, followed by Buruli ulcer caused by Mycobacterium ulcerans. There was a marked increase in studies on seasonal trends in tuberculosis and Buruli ulcer over time, with notable variation in geographic and methodological coverage. Research was heavily concentrated in the northern hemisphere, especially in China, while southern regions remained underrepresented. Advanced statistical tools, including generalized linear models and time-series analyses, were instrumental in detecting seasonality, particularly for tuberculosis and Buruli ulcer. Seasonality appears to be a common yet understudied feature of many mycobacterial infections. Greater interdisciplinary collaboration and the use of appropriate analytical tools are essential to better understand these patterns, especially in underrepresented regions. Addressing methodological and geographic gaps will be crucial to improve responses to these diseases in a changing global environment."
37344219,2023,"Epidemiologie, mikrobiologie, imunologie : casopis Spolecnosti pro epidemiologii a mikrobiologii Ceske lekarske spolecnosti J.E. Purkyne",,The influence of meteorological factors on the risk of tick-borne encephalitis infection.,"The aim of this work was to analyze the relationship between new cases of clinical tick-borne encephalitis (TBE) and various meteorological and seasonal predictors. The modelling is based on national data from the Czech Republic for the period 2001-2016 in daily resolution, namely on average temperatures, average relative air humidity and the number of TBE cases classified according to the date of the first symptoms. Four variants of a negative binomial model from the generalized additive model class are used. The basic model relates the occurrence of TBE to the lagged ambient daily average temperature and daily average relative air humidity and their interaction with the lag reflecting the incubation period and other factors. The lag value was estimated via the optimization procedure based on Akaike information criterion. The model also includes the effect of the season and the effect of the day of the week. To increase the biological plausibility, the basic model has been expanded to account for possible time-varying effects of meteorological variables and to incorporate multiple lags. The most statistically significant effect is the within-year seasonality and then the interaction of the temperature and relative air humidity. The relationship of both meteorological factors and their interactions vary throughout the activities season of the hostquesting Ixodes ricinus. This also changes the conditions of occurrence of the new clinical cases of TBE. The time-varying effect of meteorological factors on the incidence of TBE shows non-trivial changes within a year. In the period before the middle of the calendar year (around the week 22) the effect decreases, then it is followed by an increase until the week 35. Flexible models were developed with quantitatively characterized effects of temperature, air humidity and their interaction, with the delay of the effect estimated through the optimization process. Performance of the model with multiple lags was checked using independent data to verify the possibility of using the results to improve the prediction of the risk of clinical cases of TBE uprise."
23820938,2014,International journal of biometeorology,10.1007/s00484-013-0634-2,Changing air mass frequencies in Canada: potential links and implications for human health.,"Many individual variables have been studied to understand climate change, yet an overall weather situation involves the consideration of many meteorological variables simultaneously at various times diurnally, seasonally, and yearly. The current study identifies a full weather situation as an air mass type using synoptic scale classification, in 30 population centres throughout Canada. Investigative analysis of long-term air mass frequency trends was completed, drawing comparisons between seasons and climate zones. We find that the changing air mass trends are highly dependent on the season and climate zone being studied, with an overall increase of moderate ('warm') air masses and decrease of polar ('cold') air masses. In the summertime, general increased moisture content is present throughout Canada, consistent with the warming air masses. The moist tropical air mass, containing the most hot and humid air, is found to increase in a statistically significant fashion in the summertime in 46% of the areas studied, which encompass six of Canada's ten largest population centres. This emphasises the need for heat adaptation and acclimatisation for a large proportion of the Canadian population. In addition, strong and significant decreases of transition/frontal passage days were found throughout Canada. This result is one of the most remarkable transition frequency results published to date due to its consistency in identifying declining trends, coinciding with research completed in the United States (US). We discuss relative results and implications to similar US air mass trend analyses, and draw upon research studies involving large-scale upper-level air flow and vortex connections to air mass changes, to small-scale meteorological and air pollution interactions. Further research is warranted to better understand such connections, and how these air masses relate to the overall and city-specific health of Canadians."
38379057,2024,Environmental monitoring and assessment,10.1007/s10661-024-12437-0,Prediction of volatility and seasonality vegetation by using the GARCH and Holt-Winters models.,"Seasonality and volatility of vegetation in the ecosystem are associated with climatic sensitivity, which can have severe consequences for the environment as well as on the social and economic well-being of the nation. Monitoring and forecasting vegetation growth patterns in ecosystems significantly rely on remotely sensed vegetation indices, such as Normalized Difference Vegetation Index (NDVI). A novel integration of the Generalized Autoregressive Conditional Heteroskedasticity (GARCH) and the Holt-Winters (H-W) models was used to simulate the seasonality and volatility of the three different agro-climatic zones in Jharkhand, India: the central north-eastern, eastern, and south-eastern agro-climatic zones. MODIS Terra Vegetation Indices NDVI data MOD13Q1, from 2001 to 2021, was used to create NDVI time series volatility and seasonality modeled by the GARCH and the H-W models, respectively. GARCH-based Exponential GARCH (EGARCH) [1,1] and Standard GARCH (SGARCH) [1,1] models were used to check the volatility of vegetation growth in three different agro-climatic zones of Jharkhand. The SGARCH [1,1] and EGARCH [1,1] models for the western agro-climatic zone experienced the best indicator as it has maximum likelihood and minimal Schwarz-Bayesian criterion and Akaike information criterion. The seasonality results showed that the additive H-W model showed better results in the eastern agro-climatic zone with the optimized values of MAE (16.49), MAPE (0.49), NSE (0.86), RMSE (0.49), and R2 (0.82) followed by the south-eastern and central north-eastern agro-climatic zones. By utilizing the H-W and GARCH models, the finding demonstrates that vegetation orientation and monitoring seasonality can be predicted using NDVI."
33416079,2021,Tree physiology,10.1093/treephys/tpaa181,Multi-seasonal water-stress memory versus temperature-driven dynamic structural changes in grapevine.,"Perennial plants perpetually adapt to environmental changes in complex and yet insufficiently understood manner. We aimed to separate the intra-seasonal temperature effects on structure and function from perennial and annual water stress effects. This study focused on grapevine (Vitis vinifera L. 'Cabernet Sauvignon') petioles, which being a continuously produced organ, represent the current status of the plant. Field-grown mature plants subjected to multi-annual irrigation treatments (severe water stress, mild water stress and non-stressed) throughout the growing season were compared with greenhouse-grown plants under three temperature regimes (22, 28 and 34 °C). Physiological and functional anatomy parameters were measured. A generalized additive model (GAM) based on meteorological and lysimeter-based field data was applied to determine the relative influence of various meteorological parameters on evapotranspiration (ETc) during the growing season in the field experiment. At the beginning of the growing season, in May, petioles in the severe stress treatment showed a stress-related structure (decreased length, safer hydraulic structure and increased lignification), though having high values of stem water potential (SWP). As the season progressed and temperatures increased, all water availability treatments petioles showed similar changes, and at the end of season, in August, were structurally very similar. Those changes were independent of SWP and were comparable to high temperature-induced changes in the greenhouse. In contrast, stems hydraulic structure was strongly influenced by water availability. Regression analyses indicated a relationship between petioles xylem structure and stomatal conductance (gs), whereas gs (but not SWP) was temperature-dependent. The GAM showed that ETc was mainly dependent on temperature. Our results indicate a perennial water-stress memory response, influencing the petiole structure at the beginning of the following season. Intra-seasonally, the petiole's structure becomes independent of water status, whereas temperature drives the structural changes. Thus, ongoing climate change might disrupt plant performance by purely temperature-induced effects."
36375312,2022,Epidemics,10.1016/j.epidem.2022.100650,Association between meteorological factors and the epidemics of influenza (sub)types in a subtropical basin of Southwest China.,"The effects of climatic conditions on the prevalence of individual influenza (sub)types are not well understood in the subtropics. This study aims to evaluate the associations between meteorological factors and seasonal epidemics of A(H3N2), A(H1N1)pdm09, and type B influenza viruses, as well as to estimate the interactions between climatic variables in a subtropical basin region. The seasonality of influenza (sub)types during 2010-2019 were characterized in Chengdu Plain Economic Zone, a densely populated and highly humid plain area in Sichuan Basin in subtropical Southwest China. Generalized additive models were adopted to assess the independent exposure-response relationship between meteorological variables and influenza prevalence. The interactions of meteorological variables were further estimated using bivariate response surface models and strata models. Our analyses indicated that the temperature, relative humidity, and absolute humidity have exhibited a major influence on influenza infection in Chengdu Plain Economic Zone. Low temperature was shown to promote the prevalence of A(H1N1)pdm09 and type B in winter-spring days at all levels of relative humidity. High risk of A(H3N2) infections was observed at low temperature or high temperature, and at higher relative humidity. Moreover, absolute humidity decreased or increased influenza (sub)type infections within different ranges. This study found different nonlinear relationships between meteorological factors and the seasonality of influenza (sub)types, as well as significant interactive effects between climatic variables, contributing to the research on the climate drivers of influenza prevalence in warm-humid basin regions in the subtropics."
36427712,2023,The Science of the total environment,10.1016/j.scitotenv.2022.160339,Dual seasonal pattern for hemorrhagic fever with renal syndrome and its potential determinants in China.,"Hemorrhagic fever with renal syndrome (HFRS) continued to affect human health across Eurasia, which complicated by climate change has posed a challenge for the disease prevention measures. Nation-wide surveillance data of HFRS cases were collected during 2008-2020.The seasonality and epidemiological features were presented by combining the HFRS incidence and the endemic types data. Factors potentially involved in affecting incidence and shaping disease seasonality were investigated by generalized additive mixed model, distributed lag nonlinear model and multivariate meta-analysis. A total of 76 cities that reported totally 111,054 cases were analyzed. Three endemic types were determined, among them the Type I cities (Hantaan virus-dominant) were related to higher incidence level, showing one spike every year in Autumn-Winter season; Type II (Seoul virus-dominant) cities were related to lower incidence, showing one spike in Spring, while Type III (Hantaan/Seoul-mixed type) showed dual peaks with incidence lying between. Persistently heavy rainfall had significantly negative influence on HFRS incidence in Hantaan virus-dominant endemic area, while a significantly opposite effect was identified when continuously heavy rainfall induced floods, where temperature and relative humidity affected HFRS incidence via an approximately parabolic or linear manner, however few or no such effects was shown in Seoul virus-dominant endemic areas, which was more vulnerable to temperature variation. Dual seasonal pattern of HFRS was depended on the dominant genotypes of hantavirus, and impact of climate on HFRS was greater in Hantaan virus-dominant endemic areas, than in Seoul virus-dominant areas."
31063086,2019,Epidemiology and infection,10.1017/S0950268818003680,Estimating seasonal variation in Australian pertussis notifications from 1991 to 2016: evidence of spring to summer peaks.,"Unlike for many other respiratory infections, the seasonality of pertussis is not well understood. While evidence of seasonal fluctuations in pertussis incidence has been noted in some countries, there have been conflicting findings including in the context of Australia. We investigated this issue by analysing the seasonality of pertussis notifications in Australia using monthly data from January 1991 to December 2016. Data were made available for all states and territories in Australia except for the Australian Capital Territory and were stratified into age groups. Using a time-series decomposition approach, we formulated a generalised additive model where seasonality is expressed using cosinor terms to estimate the amplitude and peak timing of pertussis notifications in Australia. We also compared these characteristics across different jurisdictions and age groups. We found evidence that pertussis notifications exhibit seasonality, with peaks observed during the spring and summer months (November-January) in Australia and across different states and territories. During peak months, notifications are expected to increase by about 15% compared with the yearly average. Peak notifications for children &lt;5 years occurred 1-2 months later than the general population, which provides support to the theory that older household members remain an important source of pertussis infection for younger children. In addition, our results provide a more comprehensive spatial picture of seasonality in Australia, a feature lacking in previous studies. Finally, our findings suggest that seasonal forcing may be useful to consider in future population transmission models of pertussis."
35372910,2020,Kidney360,10.34067/KID.0000352019,"Seasonal and Secular Trends of Cardiovascular, Nutritional, and Inflammatory Markers in Patients on Hemodialysis.","All life on earth has adapted to the effects of changing seasons. The general and ESKD populations exhibit seasonal rhythms in physiology and outcomes. The ESKD population also shows secular trends over calendar time that can convolute the influences of seasonal variations. We conducted an analysis that simultaneously considered both seasonality and calendar time to isolate these trends for cardiovascular, nutrition, and inflammation markers. We used data from adult patients on hemodialysis (HD) in the United States from 2010 through 2014. An additive model accounted for variations over both calendar time and time on dialysis. Calendar time trends were decomposed into seasonal and secular trends. Bootstrap procedures and likelihood ratio methods tested if seasonal and secular variations exist. We analyzed data from 354,176 patients on HD at 2436 clinics. Patients were 59±15 years old, 57% were men, and 61% had diabetes. Isolated average secular trends showed decreases in pre-HD systolic BP (pre-SBP) of 2.6 mm Hg (95% CI, 2.4 to 2.8) and interdialytic weight gain (IDWG) of 0.35 kg (95% CI, 0.33 to 0.36) yet increases in post-HD weight of 2.76 kg (95% CI, 2.58 to 2.97). We found independent seasonal variations of 3.3 mm Hg (95% CI, 3.1 to 3.5) for pre-SBP, 0.19 kg (95% CI, 0.17 to 0.20) for IDWG, and 0.62 kg (95% CI, 0.46 to 0.79) for post-HD weight as well as 0.12 L (95% CI, 0.11 to 0.14) for ultrafiltration volume, 0.41 ml/kg per hour (95% CI, 0.37 to 0.45) for ultrafiltration rates, and 3.30 (95% CI, 2.90 to 3.77) hospital days per patient year, which were higher in winter versus summer. Patients on HD show marked seasonal variability of key indicators. Secular trends indicate decreasing BP and IDWG and increasing post-HD weight. These methods will be of importance for independently determining seasonal and secular trends in future assessments of population health."
37878840,2023,Revista de saude publica,10.11606/s1518-8787.2023057004813,"Cerebrovascular mortality: trend and seasonality in Brazilian capitals, 2000-2019.","To evaluate the trend and seasonality of cerebrovascular mortality rates in the adult population of Brazilian capitals from 2000 to 2019. This is an ecological and descriptive study of a time series of mortality due to cerebrovascular causes in adults (≥ 18 years) living in Brazilian capitals from 2000 to 2019, based on the Brazilian Mortality Information System. Descriptive statistical techniques were applied in the exploratory analysis of data and in the summary of specific, standardized rates and ratios by sociodemographic characteristics. The jointpoint regression model was used to estimate the trend of cerebrovascular mortality rates by gender, age groups, and geographic regions. The seasonal variability of rates by geographic regions was estimated using the generalized additive model by smoothing cubic splines. People aged over 60 years comprised 77% of all cerebrovascular deaths. Women (52%), white individuals (47%), single people (59%), and those with low schooling (57%, elementary school) predominated in our sample. Recife (20/1,000 inhab.) and Vitória (16/1,000 inhab.) showed the highest crude mortality rates. Recife (49/10,000 inhab.) and Palmas (47/10,000 inhab.) prevailed after we applied standardized rates. Cerebrovascular mortality rates in Brazil show a favorable declining trend for adults of all genders. Seasonality influenced rate increase from July to August in almost all region capitals, except in the North, which rose in March, April, and May. Deaths due to cerebrovascular causes prevailed in older single adults with low schooling. The trend showed a tendency to decline and winter, the greatest risk. Regional differences can support decision-makers in implementing public policies to reduce cerebrovascular mortality."
35256811,2022,Nature ecology & evolution,10.1038/s41559-022-01679-1,Hibernation slows epigenetic ageing in yellow-bellied marmots.,"Species that hibernate generally live longer than would be expected based solely on their body size. Hibernation is characterized by long periods of metabolic suppression (torpor) interspersed by short periods of increased metabolism (arousal). The torpor-arousal cycles occur multiple times during hibernation, and it has been suggested that processes controlling the transition between torpor and arousal states cause ageing suppression. Metabolic rate is also a known correlate of longevity; we thus proposed the 'hibernation-ageing hypothesis' whereby ageing is suspended during hibernation. We tested this hypothesis in a well-studied population of yellow-bellied marmots (Marmota flaviventer), which spend 7-8 months per year hibernating. We used two approaches to estimate epigenetic age: the epigenetic clock and the epigenetic pacemaker. Variation in epigenetic age of 149 samples collected throughout the life of 73 females was modelled using generalized additive mixed models (GAMM), where season (cyclic cubic spline) and chronological age (cubic spline) were fixed effects. As expected, the GAMM using epigenetic ages calculated from the epigenetic pacemaker was better able to detect nonlinear patterns in epigenetic ageing over time. We observed a logarithmic curve of epigenetic age with time, where the epigenetic age increased at a higher rate until females reached sexual maturity (two years old). With respect to circannual patterns, the epigenetic age increased during the active season and essentially stalled during the hibernation period. Taken together, our results are consistent with the hibernation-ageing hypothesis and may explain the enhanced longevity in hibernators."
37384795,2023,The Journal of infectious diseases,10.1093/infdis/jiad244,Delineating the Seasonality of Varicella and Its Association With Climate in the Tropical Country of Colombia.,"Varicella causes a major health burden in many low- to middle-income countries located in tropical regions. Because of the lack of surveillance data, however, the epidemiology of varicella in these regions remains uncharacterized. In this study, based on an extensive dataset of weekly varicella incidence in children ≤10 during 2011-2014 in 25 municipalities, we aimed to delineate the seasonality of varicella across the diverse tropical climates of Colombia. We used generalized additive models to estimate varicella seasonality, and we used clustering and matrix correlation methods to assess its correlation with climate. Furthermore, we developed a mathematical model to examine whether including the effect of climate on varicella transmission could reproduce the observed spatiotemporal patterns. Varicella seasonality was markedly bimodal, with latitudinal changes in the peaks' timing and amplitude. This spatial gradient strongly correlated with specific humidity (Mantel statistic = 0.412, P = .001) but not temperature (Mantel statistic = 0.077, P = .225). The mathematical model reproduced the observed patterns not only in Colombia but also México, and it predicted a latitudinal gradient in Central America. These results demonstrate large variability in varicella seasonality across Colombia and suggest that spatiotemporal humidity fluctuations can explain the calendar of varicella epidemics in Colombia, México, and potentially in Central America."
37230217,2023,Environmental research,10.1016/j.envres.2023.116171,Spatiotemporal effects of meteorological conditions on global influenza peaks.,"Numerous studies have suggested that meteorological conditions such as temperature and absolute humidity are highly indicative of influenza outbreaks. However, the explanatory power of meteorological factors on the seasonal influenza peaks varied widely between countries at different latitudes. We aimed to explore the modification effects of meteorological factors on the seasonal influenza peaks in multi-countries. Data on influenza positive rate (IPR) were collected across 57 countries and data on meteorological factors were collected from ECMWF Reanalysis v5 (ERA5). We used linear regression and generalized additive models to investigate the spatiotemporal associations between meteorological conditions and influenza peaks in cold and warm seasons. Influenza peaks were significantly correlated with months with both lower and higher temperatures. In temperate countries, the average intensity of cold season peaks was stronger than that of warm season peaks. However, the average intensity of warm season peaks was stronfger than of cold season peaks in tropical countries. Temperature and specific humidity had synergistic effects on influenza peaks at different latitudes, stronger in temperate countries (cold season: R2=0.90; warm season: R2=0.84) and weaker in tropical countries (cold season: R2=0.64; warm season: R2=0.03). Furthermore, the effects could be divided into cold-dry and warm-humid modes. The temperature transition threshold between the two modes was 16.5-19.5 °C. During the transition from cold-dry mode to warm-humid mode, the average 2 m specific humidity increased by 2.15 times, illustrating that transporting a large amount of water vapor may compensate for the negative effect of rising temperatures on the spread of the influenza virus. Differences in the global influenza peaks were related to the synergistic influence of temperature and specific humidity. The global influenza peaks could be divided into cold-dry and warm-humid modes, and specific thresholds of meteorological conditions were needed for the transition of the two modes."
30866826,2019,BMC infectious diseases,10.1186/s12879-019-3840-7,Seasonality and the effects of weather on Campylobacter infections.,"Campylobacteriosis is a major public health concern. The weather factors that influence spatial and seasonal distributions are not fully understood. To investigate the impacts of temperature and rainfall on Campylobacter infections in England and Wales, cases of Campylobacter were linked to local temperature and rainfall at laboratory postcodes in the 30 days before the specimen date. Methods for investigation included a comparative conditional incidence, wavelet, clustering, and time series analyses. The increase of Campylobacter infections in the late spring was significantly linked to temperature two weeks before, with an increase in conditional incidence of 0.175 cases per 100,000 per week for weeks 17 to 24; the relationship to temperature was not linear. Generalized structural time series model revealed that changes in temperature accounted for 33.3% of the expected cases of Campylobacteriosis, with an indication of the direction and relevant temperature range. Wavelet analysis showed a strong annual cycle with additional harmonics at four and six months. Cluster analysis showed three clusters of seasonality with geographic similarities representing metropolitan, rural, and other areas. The association of Campylobacteriosis with temperature is likely to be indirect. High-resolution spatial temporal linkage of weather parameters and cases is important in improving weather associations with infectious diseases. The primary driver of Campylobacter incidence remains to be determined; other avenues, such as insect contamination of chicken flocks through poor biosecurity should be explored."
35319247,2022,Microbiology spectrum,10.1128/spectrum.01483-21,PM10 and Other Climatic Variables Are Important Predictors of Seasonal Variability of Coccidioidomycosis in Arizona.,"Coccidioidomycosis (Valley fever) is a disease caused by the fungal pathogens Coccidioides immitis and Coccidioides posadasii that are endemic to the southwestern United States and parts of Mexico and South America. Throughout the range where the pathogens are endemic, there are seasonal patterns of infection rates that are associated with certain climatic variables. Previous studies that looked at annual and monthly relationships of coccidioidomycosis and climate suggest that infection numbers are linked with precipitation and temperature fluctuations; however, these analytic methods may miss important nonlinear, nonmonotonic seasonal relationships between the response (Valley fever cases) and explanatory variables (climate) influencing disease outbreaks. To improve our current knowledge and to retest relationships, we used case data from three counties of high endemicity in southern Arizona paired with climate data to construct a generalized additive statistical model that explores which meteorological parameters are most useful in predicting Valley fever incidence throughout the year. We then use our model to forecast the pattern of Valley fever cases by month. Our model shows that maximum monthly temperature, average PM10, and total precipitation 1 month prior to reported cases (lagged model) were all significant in predicting Valley fever cases. Our model fits Valley fever case data in the region of endemicity of southern Arizona and captures the seasonal relationships that predict when the public is at higher risk of being infected. This study builds on and retests relationships described by previous studies regarding climate variables that are important for predicting risk of infection and understanding this fungal pathogen. IMPORTANCE The inhalation of environmental infectious propagules from the fungal pathogens Coccidioides immitis and Coccidioides posadasii by susceptible mammals can result in coccidioidomycosis (Valley fever). Arizona is known to be a region where the pathogen is hyperendemic, and reported cases are increasing throughout the western United States. Coccidioides spp. are naturally occurring fungi in arid soils. Little is known about ecological factors that influence the growth of these fungi, and a higher environmental burden may result in increases in human exposure and therefore case rates. By examining case and climate data from Arizona and using generalized additive statistical models, we were able to examine the relationship between disease outbreaks and climatic variables and predict seasonal time points of increased infection risk."
38659216,2024,Allergy,10.1111/all.16130,Ambient pollen exposure and pollen allergy symptom severity in the EPOCHAL study.,"Ambient pollen exposure causes nasal, ocular, and pulmonary symptoms in allergic individuals, but the shape of the exposure-response association is not well characterized. We evaluated this association and determined (1) whether symptom severity differs between subpopulations; (2) how the association changes over the course of the pollen season; and (3) which pollen exposure time lags affect symptoms. Adult study participants (n = 396) repeatedly scored severity of nasal, ocular, and pulmonary allergic symptoms, resulting in three composite symptom scores. We calculated hourly individually relevant pollen exposure to seven allergenic plants (alder, ash, birch, hazel, grasses, mugwort, and ragweed) considering personal sensitization and exposure time lags of up to 96 h. We fitted generalized additive mixed models, with a random personal intercept, adjusting for weather and air pollution as potential time-varying confounders. We identified a clear nonlinear positive association between pollen exposure and ocular and nasal symptom severity in the pollen allergy group: Symptom severity increased steeply with increasing exposure initially, but attenuated beyond approximately 80 pollen/m3. We found no evidence of an exposure threshold, below which no symptoms occur. While recent pollen exposure in the last approximately 5 h affected symptoms most, associations lingered for up to 60 h. Grass pollen exposure (compared to tree pollen) and younger age (18-30 years, as opposed to 30-65 years) were both associated with higher nasal and ocular symptom severity. The lack of a threshold and attenuated dose-response curve may have implications for pollen warning systems, which may be revised to include multiday pollen concentrations in the future."
29597111,2018,Journal of environmental management,10.1016/j.jenvman.2018.03.080,Improving fire season definition by optimized temporal modelling of daily human-caused ignitions.,"Wildfire suppression management is usually based on fast control of all ignitions, especially in highly populated countries with pervasive values-at-risk. To minimize values-at-risk loss by improving response time of suppression resources it is necessary to anticipate ignitions, which are mainly caused by people. Previous studies have found that human-ignition patterns change spatially and temporally depending on socio-economic activities, hence, the deployment of suppression resources along the year should consider these patterns. However, full suppression capacity is operational only within legally established fire seasons, driven by past events and budgets, which limits response capacity and increases damages out of them. The aim of this study was to assess the temporal definition of fire seasons from the perspective of human-ignition patterns for the case study of Spain, where people cause over 95% of fires. Humans engage in activities that use fire as a tool in certain periods within a year, and in locations linked to specific spatial factors. Geographic variables (population, infrastructures, physiography and land uses) were used as explanatory variables for human-ignition patterns. The changing influence of these geographic variables on occurrence along the year was analysed with day-by-day logistic regression models. Daily models were built for all the municipal units in the two climatic regions in Spain (Atlantic and Mediterranean Spain) from 2002 to 2014, and similar models were grouped within continuous periods, designated as ignition-based seasons. We found three ignition-based seasons in the Mediterranean region and five in the Atlantic zones, not coincidental with calendar seasons, but with a high degree of agreement with current legally designated operational fire seasons. Our results suggest that an additional late-winter-early-spring fire season in the Mediterranean area and the extension of this same season in the Atlantic zone should be re-considered for operational purposes in the future."
39450599,2024,Proceedings. Biological sciences,10.1098/rspb.2024.1660,Season-specific genetic variation underlies early-life migration in a partially migratory bird.,"Eco-evolutionary responses to environmentally induced selection fundamentally depend on magnitudes of genetic variation underlying traits that facilitate population persistence. Additive genetic variances and associated heritabilities can vary across environmental conditions, especially for labile phenotypic traits expressed through early life. However, short-term seasonal dynamics of genetic variances are rarely quantified in wild populations, precluding inference on eco-evolutionary outcomes in seasonally dynamic systems. This limitation applies to seasonal migration versus residence, constituting one key trait where rapid microevolution could rescue partially migratory populations from changing seasonal environments. We fitted novel quantitative genetic 'capture-recapture animal models' to multi-generational pedigree and year-round resighting data from 11 cohorts of European shags (Gulosus aristotelis), to estimate season-specific additive genetic variances in liabilities to migrate, and in resulting expression of migration, in juveniles' first autumn and winter. We demonstrate non-negligible genetic variation underlying early-life migration, with twice as large additive genetic variances and heritabilities in autumn than winter. Since early-life survival selection on migration typically occurs in winter, highest genetic variation and strongest selection are seasonally desynchronized. Our results reveal complex within- and among-year dynamics of early-life genetic and phenotypic variation, demonstrating that adequate inference of eco-evolutionary outcomes requires quantifying microevolutionary potential on appropriate scales and seasonal timeframes."
37482352,2023,The Science of the total environment,10.1016/j.scitotenv.2023.165691,Prediction of fishing intensity and trends across South China Sea biogeographic zones.,"The volume of industrial fishing in the South China Sea ranks among the top global sustainable fisheries concerns of the Food and Agriculture Organization (FAO). To better understand the scale of management challenges, biogeographic zones of the SCS were characterized, and within each a multivariate GAM (General Additive Model) was fitted to predict and map the complete fishing activities from 2017 to 2020. Model variables, some incomplete or with gaps, included: VIIRS DNB night-time light imagery; Global Fisheries Watch (GFW) data; satellite Ocean Colour; Sea Surface Temperature; and bathymetry data. Four biogeographic zones with differing fishing patterns and trends were identified. We used cross-validation and the GAM model's own tuning method for model prediction accuracy determination, which performed well in four biogeographic zones (R2 respectively: 0.62, 0.68, 0.74 and 0.71). High-intensity fishing grounds are mainly distributed in offshore continental shelf areas. From 2017 to 2019, high-intensity fishing grounds were located near the Beibu Gulf of Vietnam, south Vietnam, part of the Gulf of Thailand and the central Java Sea, where fishing effort greater than 50 h exceeded average annual SCS fishing intensity for several years. By season, intensity and extent of fishing in Spring were largest. In 2020, due to the impact of COVID-19, except for Spring, fishing volume generally decreased. Our experimental results provide new insights and an adaptable biogeographic modelling methodology to map the scale and intensity of regional fishing activities more accurately and completely. This more comprehensive database, that takes account of intrinsic biogeographic fishery context, will help improve and strengthen the regulation of fishing activities around the world."
35680467,2022,Trends in ecology & evolution,10.1016/j.tree.2022.05.001,New directions in tropical phenology.,"Earth's most speciose biomes are in the tropics, yet tropical plant phenology remains poorly understood. Tropical phenological data are comparatively scarce and viewed through the lens of a 'temperate phenological paradigm' expecting phenological traits to respond to strong, predictably annual shifts in climate (e.g., between subfreezing and frost-free periods). Digitized herbarium data greatly expand existing phenological data for tropical plants; and circular data, statistics, and models are more appropriate for analyzing tropical (and temperate) phenological datasets. Phylogenetic information, which remains seldom applied in phenological investigations, provides new insights into phenological responses of large groups of related species to climate. Consistent combined use of herbarium data, circular statistical distributions, and robust phylogenies will rapidly advance our understanding of tropical - and temperate - phenology."
7915697,1994,International journal of gynaecology and obstetrics: the official organ of the International Federation of Gynaecology and Obstetrics,10.1016/0020-7292(94)90115-5,Eclampsia: 134 consecutive cases.,"A retrospective analysis of all cases of eclampsia (134) at Korle Bu Teaching Hospital, Accra, Ghana, in 1991, was undertaken to determine future directions in prevention and management. One hundred and thirty-four consecutive cases of eclampsia were reviewed to assess possible risk factors, associated medical impact, and the usefulness of prenatal care. Risk factors for the development of eclampsia include: young age, delivery in the rainy season, nulliparity, multiple pregnancy, prolonged labor, and lack of prenatal care. Eclampsia is associated with high maternal and perinatal mortality. Future emphasis on prenatal clinics, and earlier detection and management of pre-eclampsia should lessen the incidence of this severe obstetric emergency."
33027306,2020,PloS one,10.1371/journal.pone.0240160,"Relationship between airborne pollen assemblages and major meteorological parameters in Zhanjiang, South China.","Pollen is an important component of bioaerosol and the distribution of pollen and its relationship with meteorological parameters can be analyzed to better prevent hay fever. Pollen assemblages can also provide basic data for analyzing the relationship between bioaerosol and PM. We collected 82 samples of airborne pollen using a TSP large flow pollen collector from June 1, 2015 to June 1, 2016, from central Zhanjiang city in South China. We also conducted a survey of the nearby vegetation at the same time, in order to characterize the major plant types and their flowering times. We then used data on daily temperature, relative humidity, precipitation, vapor pressure and wind speed from a meteorological station in the center of Zhanjiang City to assess the relationship between the distribution of airborne pollen and meteorological parameters. Our main findings and conclusions are as follows: (1) We identified 15 major pollen types, including Pinus, Castanopsis, Myrica, Euphorbiaceae, Compositae, Gramineae, Microlepia and Polypodiaceae. From the vegetation survey, we found that the pollen from these taxa represented more than 75% of local pollen, while the pollen of Podocarpus, Dacrydium and other regional pollen types represented less than 25%. (2) The pollen concentrations varied significantly in different seasons. The pollen concentrations were at a maximum in spring, consisting mainly of tree pollen; the pollen concentrations were at an intermediate level in autumn and winter, consisting mainly of herb pollen and fern spores; and the pollen concentrations in summer were the lowest, consisting mainly of fern spores. (3) Analysis of the relationship between airborne pollen concentrations and meteorological parameters showed that variations in the pollen concentrations were mainly affected by temperature and relative humidity. In addition, there were substantial differences in these relationships in different seasons. In spring, pollen concentrations were mainly affected by temperature; in summer, they were mainly affected by the direction of the maximum wind speed; in autumn, they were mainly affected by relative humidity and temperature; and in winter, they were mainly affected by relative humidity and wind speed. Temperature and relative humidity promote plant growth and flowering. Notably, the variable wind direction in summer and the increased wind speed in winter and spring are conductive to pollen transmission. (4) Of the 15 major pollen types, Moraceae, Artemisia and Gramineae are the main allergenic pollen types, with peaks in concentration during April-May, August-September, and October-December, respectively. (5) Atypical weather conditions have substantial effects on pollen dispersal. In South China, the pollen concentrations in the sunny day were usually significantly higher than that of the rainy day. The pollen concentrations increased in short rainy days, which usually came from the Herb and Fern pollen. The pollen concentrations decreased in continuous rainy days especially for the Tree and Shrub pollen. the pollen concentrations in the sunny days were usually significantly higher than that in the rainy days. The pollen concentrations increased in short and strong rainfall."
30880511,2020,"The journal of maternal-fetal & neonatal medicine : the official journal of the European Association of Perinatal Medicine, the Federation of Asia and Oceania Perinatal Societies, the International Society of Perinatal Obstetricians",10.1080/14767058.2019.1594765,Seasonal variation in childhood mortality.,"Aim: This ecological study was carried out to determine the cyclic trends in the rate of perinatal and infant mortality and among children aged under 15 years who died in traffic accidents or from drowning, respiratory disease or cancer.Methods: Monthly data on the numbers of live births, perinatal and infant deaths, and deaths from respiratory disease, cancer, traffic accidents, accidental drowning, and submersion in children aged under 15 years were obtained from the Hungarian nationwide population register. The data were aggregated over the study period and cyclic trends were investigated using the Walter-Elwood and negative binomial regression methods.Results: Significant double-peak (May and November) trends were found in mortality rates for perinatal and infant deaths, respectively. Additionally, significant (p-value < .001) seasonal variation in monthly mortality rates for deaths from respiratory diseases was observed with a peak in February, and a significant single peak was observed in mortality rates in July in both deaths from traffic accidents and drowning among children aged 0-14 years. However, there was no seasonal variation in monthly mortality rates for deaths from childhood cancer.Conclusions: Since cyclic trends in mortality suggest some effect of environmental factors in etiology, we might speculate that perinatal mortality may have been related to respiratory infections. A significant single peak was observed in mortality rates in July in both deaths from traffic accidents and drowning among children aged 0-14 years which could be related to environmental factors, such as temperature, air masses, and fronts. However, there was no seasonal variation in monthly mortality rates for deaths from childhood cancer. All of these novel findings could prove useful in preventive strategies, but further cohort studies are needed to investigate this hypothesis.What is knownSeasonality in infant mortality is known.What is newA significant cyclic trend was found in infants' mortality, with a peak in deaths in winter during the post-perinatal period and double peaks in May and November during the perinatal period, which might be associated with respiratory syncytial virus infections.Winter-peak cyclic trends were observed in both preterm and low birthweight mortality.A significant cyclic trend was observed in mortality, with a peak in deaths from traffic accidents and drowning in July for children aged 0-14 years, but seasonal variation was not found in monthly deaths from childhood cancer."
35072797,2022,Environmental monitoring and assessment,10.1007/s10661-021-09746-z,"Dosimetry of indoor alpha flux belonging to seasonal radon, thoron and their EECs.","Radon (222Rn) and thoron (220Rn) are ubiquitous radioactive noble gases present in the earth's crust. The source term for these gases includes soil and building materials as well. The radiological impact of radon/thoron gases and their decay products on human life is a matter of concern and has been given due attention in research and policy. The present study aims to measure and quantify residential radon/thoron gas and the decay product's concentration and to discuss the associated interpretations for Ludhiana district of Punjab, India. Passive measurement techniques employing a single-entry pinhole dosimeter for gases and direct progeny sensors for the decay product's concentration have been used in this work. The obtained data from these measurements have been analysed using appropriate statistical techniques. The variations have been linked with the changes in the ventilation conditions, building material, room type and altitude. A higher concentration of radon and thoron gas was observed in the winter season for the study region. It was estimated that the contribution of radon and thoron decay products towards the annual average inhalation dose is 75% and 25%, respectively."
40021020,2025,The Journal of infection,10.1016/j.jinf.2025.106451,"Global epidemiology, seasonality and climatic drivers of the four human parainfluenza virus types.","Human parainfluenza viruses (hPIV) are a common cause of acute respiratory infections, especially in children under five years and the elderly. hPIV can be subclassified as types 1-4: these showed various seasonality patterns worldwide, and it is unclear how climatic factors might consistently explain their global epidemiology. This study collected time-series incidence data from the literature and hPIV surveillance programs worldwide (47 locations). Wavelet analysis and circular statistics were used to detect the seasonality and the months of peak incidence for each hPIV type. Relationships between climatic drivers and incidence peaks were assessed using a generalized estimating equation. The average positive rate of hPIV among patients with respiratory symptoms was 5.6% and ranged between 0.69-3.48% for different types. In the northern temperate region, the median peak incidence months for hPIV1, hPIV2, and hPIV4 were from September to October, while for hPIV3, it was in late May. Seasonal peaks of hPIV3 were associated with higher monthly temperatures and lower diurnal temperatures range throughout the year; hPIV4 peaks appeared to correlate with lower monthly temperatures and higher precipitation throughout the year. Different hPIV types exhibit different patterns of global epidemiology and transmission. Climate drivers may play a role in hPIV transmission. More comprehensive and coherent surveillance of hPIV types would enable more in-depth analyses and inform the timing of preventive measures."
35724362,2023,Journal of athletic training,10.4085/1062-6050-0132.22,"Similar Concussion Rates in Spring Football and Preseason: Findings From the Concussion Assessment, Research and Education Consortium.","Increasing attention has been directed toward identifying aspects of football participation for targeted policy change that reduces the concussion risk. Prior researchers evaluated concussion risks during the preseason and regular seasons, leaving the spring season largely unexplored. In this nationally representative observational investigation of 19 National Collegiate Athletic Association Division I collegiate football programs, we assessed concussion rates and head impact exposures during the preseason, regular season, and spring practices from 2014 to 2019. All participating programs recorded the incidence of concussions, and a subset (n = 6) also measured head impact exposures. Analyses by time of year and session type indicated that concussion rates and head impact exposures during all practice sessions and contact practices were higher in the spring and preseason than those in the regular season (P < .05). Concussion rates during the spring season and preseason were statistically similar. We identified comparable concussion risks in the spring season and preseason, highlighting the need for targeted policy interventions to protect athlete health and safety."
41057407,2025,Scientific reports,10.1038/s41598-025-18940-9,The 2023 drought in West Africa and associated vulnerability to food insecurity.,"The return of El Niño in 2023 brought record global temperatures, an increase in forest fires, floods, heatwaves, and intense and severe droughts. How the climate of 2023 affected agricultural activities in West Africa is not yet known. This paper analyses the changes in the patterns of local climate variables during the planting season and the potential consequences for agricultural productivity in West Africa. The study uses the ERA5, Normalized Difference Vegetation Index (NDVI), and Standardized Precipitation Evaporation Index (SPEI) datasets and performs a thorough spatio-temporal analysis and anomaly calculation of precipitation, air temperature, relative humidity, NDVI, drought, and soil moisture. Compared to the climatology, we observed early precipitation in March, high temperatures and humidity, low precipitation, and a loss of vegetation in the middle of the growing season (April to June). The direct influence of El Niño proved to be weak, suggesting that El Niño could be the cause, together with other factors such as global mean temperature and Atlantic circulation. Farmers in West Africa usually expect rainfall in early April to start the agricultural season. This shift in rainfall patterns can have a serious impact on agricultural activities and increase vulnerability to food insecurity in the region. Rather than relying solely on rainfall, we recommend the use of advanced irrigation techniques and the development of drought-resistant crops to combat the effects of El Niño in the future."
37862370,2023,PloS one,10.1371/journal.pone.0293095,Differences in playing style and technical performance according to the team ranking in the Spanish football LaLiga. A thirteen seasons study.,"This study aimed to explore the differences in playing style and technical performance according to the ranking level in Spanish football teams. The sample comprised 38 professional teams that competed in LaLiga from 2008/09 to 2020/21, with a total of 4940 matches. The teams were grouped by their final ranking position: Champion (1st); Champions League (2nd-4th); Europa League (5th-6th); middle teams (7th-17th); and relegated teams (18th-20th). Linear mixed models were used to examine the effects of the team ranking on variables related to playing style and technical performance. The F2 statistic was calculated as effect size (ES). Regarding the style of play, the Champion teams initiated offensive sequences from a more advanced field position than the remaining ranking groups with a descending effect as the ranking position decreased (p < 0.001; ES = medium). The sequence duration and passes per sequence showed a decreasing effect across ranking groups (both p < 0.001; ES = small). In contrast, the direct speed showed an increasing effect as the ranking position decreased (p < 0.001; ES = small). A decreasing effect was observed in the number of sequences ending in the final third as the ranking position decreased (p < 0.001; ES = large) while no effect was found for the sequences ending in a shot. There was a reduction effect in ball possession, passing accuracy, through balls and crosses as the teams' ranking decreased (all p < 0.001; ES = small-to-large). In summary, higher-ranked teams had an advanced starting position, longer offensive sequences, slower progression speed, more ball possession, higher passing accuracy, and more crosses and through balls than lower-ranked teams. Football coaches should consider that adopting a playing style focused on regaining the ball possession in advanced field zones and using long passing sequences can be an effective tactical strategy to improve the teams' ranking during the season."
38146029,2023,World journal of microbiology & biotechnology,10.1007/s11274-023-03848-1,Chronic industrial perturbation and seasonal change induces shift in the bacterial community from gammaproteobacteria to betaproteobacteria having catabolic potential for aromatic compounds at Amlakhadi canal.,"Escalating proportions of industrially contaminated sites are one of the major catastrophes faced at the present time due to the industrial revolution. The difficulties associated with culturing the microbes, has been circumvent by the direct use of metagenomic analysis of various complex niches. In this study, a metagenomic approach using next generation sequencing technologies was applied to exemplify the taxonomic abundance and metabolic potential of the microbial community residing in Amlakhadi canal, Ankleshwar at two different seasons. All the metagenomes revealed a predominance of Proteobacteria phylum. However, difference was observed within class level where Gammaproteobacteria was relatively high in polluted metagenome in Summer while in Monsoon the abundance shifted to Betaproteobacteria. Similarly, significant statistical differences were obtained while comparing the genera amongst contaminated sites where Serratia, Achromobacter, Stenotrophomonas and Pseudomonas were abundant in summer season and the dominance changed to Thiobacillus, Thauera, Acidovorax, Nitrosomonas, Sulfuricurvum, Novosphingobium, Hyphomonas and Geobacter in monsoon. Further upon functional characterization, the microbiomes revealed the diverse survival mechanisms, in response to the prevailing ecological conditions (such as degradation of aromatic compounds, heavy metal resistance, oxidative stress responses and multidrug resistance efflux pumps, etc.). The results have important implications in understanding and predicting the impacts of human-induced activities on microbial communities inhabiting natural niche and their responses in coping with the fluctuating pollution load."
11776465,2001,Medical and veterinary entomology,10.1046/j.0269-283x.2001.00314.x,Seasonal reproduction and host infestation rates for nycteribiids of the large bentwing bat.,"Large numbers of the nycteribiid species Nycteribia parilis vicaria Maa, Penicillidia (Penicillidia) oceanica Bigot and Penicillidia (Penicillidia) Maa (Diptera: Nycteribiidae) were collected from the bat Miniopterus schreibersii Kuhl (Chiroptera: Vespertilionidae) during a study on this bat's population genetics conducted largely in southern Australia. Bats were trapped in all seasons and at a number of locations throughout the ranges of the nycteribiids. Nycteribia parilis vicaria was the most common species captured. Gravid females of the three species were trapped in spring and summer and gravid female P. (P.) oceanica and N. parilis vicaria were trapped in autumn. Newly emerged adults of P. (P.) oceanica and N. parilis vicaria were captured in spring and autumn. Nycteribiid loads for individual bats were low, and there was no direct evidence of a detrimental effect on bats."
26411447,2016,Environmental science and pollution research international,10.1007/s11356-015-5476-5,Atmospheric particulate mercury at the urban and forest sites in central Poland.,"Particulate mercury concentrations were investigated during intensive field campaigns at the urban and forest sites in central Poland, between April 2013 and October 2014. For the first time, quantitative determination of total particulate mercury in coarse (PHg2.2) and fine (PHg0.7) aerosol samples was conducted in Poznań and Jeziory. The concentrations in urban fine and coarse aerosol fractions amounted to < MDL ± 77.1 pg m(-3) and < MDL ± 604.9 pg m(-3), respectively. Aerosol samples collected during the whole study period showed statistically significant differences for particulate mercury concentrations. A strong impact of meteorological conditions (wind velocity, air mass direction, air temperature, and precipitation amount) on particulate mercury concentrations was also observed. In particular, higher variation and concentration range of PHg0.7 and PHg2.2 was reported for wintertime measurements. An increase in atmospheric particulate mercury during the cold season in the study region indicated that coal combustion, i.e., residential and industrial heating, is the main contribution factor for the selected particle size modes. Coarse particulate Hg at the urban site during summer was mainly attributed to anthropogenic sources, with significant contribution from resuspension processes and long-range transport. The highest values of PHg0.7 and PHg2.2 were found during westerly and southerly wind events, reflecting local emission from highly polluted areas. The period from late fall to spring showed that advection from the southern part of Poland was the main factor responsible for elevated Hg concentrations in fine and coarse particles in the investigated region. Moreover, September 2013 could be given as an example of the influence of additional urban activities which occurred approx. 10 m from the sampling site-construction works connected with replacement of the road surface, asphalting, etc. The concentrations of particulate Hg (>600.0 pg m(-3)) were much higher than during the following months when any similar situation did not occur. Our investigations confirmed that Hg in urban aerosol samples was predominantly related to local industrial and commercial emissions, whereas the main source of Hg in particulate matter collected at the forest site was connected with regional anthropogenic processes. This paper provides the results of the first long-term measurements of size-fractionated particulate mercury conducted in central Poland, which could be an important insight into atmospheric Hg processes within such a scarcely investigated part of Europe."
39869931,2025,Human vaccines & immunotherapeutics,10.1080/21645515.2024.2440206,Disease burden of influenza in Spain: A five-season study (2015-2020).,"Influenza accounts for 30% of the total morbidity and mortality in the European Union. However, the specific burden in different European countries is largely unknown, and more research is needed to ascertain the reality of this disease. In this retrospective study, we analyzed the burdens of hospitalization, intensive care unit (ICU) admission and in-hospital mortality in Spain over five seasons (2015-2020) via publicly available Minimum Basic Datasets (MDBS). The data revealed that influenza had a major impact in Spain, with approximately 29,000 hospitalizations, 2,200 ICU admissions, and 1,600 deaths each season. In this period, approximately 7.8% of those hospitalized required ICU admission, and 5.7% died in the hospital due to influenza, with wide differences in these parameters depending on the season due to the virological characteristics of the major circulating viruses. More than 60% of those hospitalized were over 65 years of age, and approximately 82% of those who died were elderly, demonstrating that the greatest burden of hospitalization and mortality is centered on this age group. The annual direct cost of influenza was approximately €128 million per season, with more than 80% of this cost centered on people over 45 years of age."
30569350,2020,Environmental science and pollution research international,10.1007/s11356-018-3922-x,"Temporal and climate characteristics of respiratory syncytial virus bronchiolitis in neonates and children in Sousse, Tunisia, during a 13-year surveillance.","This study established the correlation between respiratory syncytial virus (RSV) bronchiolitis and climate factors in the area of Sousse, Tunisia, during 13 years (2003-2015), from neonates and children <= 5 years old and hospitalized in Farhat Hached University-Hospital of Sousse. The meteorological data of Sousse including temperature, rainfall, and humidity were obtained. RSV detection was carried out with the direct immunofluorescence assay. The impact of climate factors on viral circulation was statistically analyzed. From 2003 to 2015, the total rate of RSV bronchiolitis accounted for 34.5% and peaked in 2007 and 2013. RSV infection was higher in male cases and pediatric environment (p<0.001) and was detected in 47.3% of hospitalizations in intensive care units. The epidemic of this pathogen started in October and peaked in January (41.6%). When the infectivity of RSV was at its maximum, the monthly average rainfall was high (31 mm) and the monthly average temperature and the monthly average humidity were at their minimum (11 °C and 66%, respectively). RSV activity was negatively correlated with temperature (r = - 0.78, p = 0.003) and humidity (r = - 0.62, p = 0.03). Regression analysis showed that the monthly average temperature fits into a linear model (R2 = 61%, p < 0.01). No correlation between RSV activity and rainfall was observed (p = 0.48). The meteorological predictions of RSV outbreaks with specific Tunisian climate parameters will help in determining the optimal timing of appropriate preventive strategies. In the area of Sousse, preventive measures should be enhanced since October especially, when the temperature is around 11 °C and humidity is above 60%."
36515177,2023,Annals of neurology,10.1002/ana.26579,Seasonal Variation in Neurologic Hospitalizations in the United States.,"Certain neurologic diseases have been noted to vary by season, and this is important for understanding disease mechanisms and risk factors, but seasonality has not been systematically examined across the spectrum of neurologic disease, and methodologic guidance is also lacking. Using nationally representative data from the National Inpatient Sample, a stratified 20% sample of all non-federal acute care hospitalizations in the United States, we calculated the monthly rate of hospitalization for 14 neurologic diseases from 2016 to 2018. For each disease, we assessed seasonality of hospitalization using chi-squared, Edward, and Walter-Elwood tests and seasonal time series regression models. Statistical tests were adjusted for multiple hypothesis testing using Bonferroni correction. Meningitis, encephalitis, ischemic stroke, intracerebral hemorrhage, Guillain-Barre syndrome, and multiple sclerosis had statistically significant seasonality according to multiple methods of testing. Subarachnoid hemorrhage, status epilepticus, myasthenia gravis, and epilepsy had significant seasonality according to Edwards and Walter-Elwood tests but not chi-square tests. Seasonal time series regression illustrated seasonal variation in all 14 diseases of interest, but statistical testing for seasonality within these models using the Kruskal-Wallis test only achieved statistical significance for meningitis. Seasonal variation is present across the spectrum of acute neurologic disease, including some conditions for which seasonality has not previously been described, and can be examined using multiple different methods. ANN NEUROL 2023;93:743-751."
31780168,2020,The Science of the total environment,10.1016/j.scitotenv.2019.135638,Impacts of climate change and crop management practices on soybean phenology changes in China.,"Crop phenology is determined by both climatic factors and agronomic management practices such as sowing date and cultivar characteristics. Exploring the interactive effects of climate change and crop management practices on crop phenology can be used to devise adaptation strategies to mitigate climate change. The objectives of this study were to: 1) examined trends in soybean (Glycine max L.) phenological development in China from 1981 to 2010; 2) isolate and quantify impacts of climate change and crop management on changes in soybean phenology; 3) determine the relative contribution of climate change and crop management to observed changes in soybean phenology; and 4) determine the relative contribution of temperature, precipitation, and sunshine hours to changes in soybean phenology. Changes in soybean phenology were observed across the major soybean producing area of eastern China during 1981-2010. Observed dates of sowing, emergence, anthesis, and maturity were delayed by an average of 1.78, 0.83, 0.19, and 0.62 days decade-1, respectively. Additionally, the lengths of the vegetative growth period and the soybean growing season were shortened by an average of 0.62 and 1.16 days decade-1, respectively. Conversely, the reproductive period was lengthened by an average of 0.43 days decade-1. Crop management practices had greater influence on sowing, emergence, and maturity dates than climate change. The direction of the changes to phenology trends created by management and climate change were opposite to each other. The relative influence of climate change on dates of anthesis, lengths of the vegetative and reproductive growth periods and growing season was larger than the influence of crop management practices. Mean temperature was the dominant climatic factor influencing most soybean phenological stages and phases. Delayed sowing dates and use of longer-duration cultivars are management adaptations that farmers have used to adapt to climate change occurring in past decades and that can continue to be used. These results indicate that farmers have a wider sowing window in spring and can select cultivars with long growing season duration and frost-tolerance to mitigate detrimental effects of a future warmer climate."
27914776,2017,Journal of environmental radioactivity,10.1016/j.jenvrad.2016.11.022,"Seasonal variability of equilibrium factor and unattached fractions of radon and thoron in different regions of Punjab, India.","A survey was conducted to estimate equilibrium factor and unattached fractions of radon and thoron in different regions of Punjab state, India. Pin hole based twin cup dosimeters and direct progeny sensor techniques have been utilized for estimation of concentration level of radon, thoron and their progenies. Equilibrium factor calculated from radon, thoron and their progenies concentration has been found to vary from 0.15 to 0.80 and 0.008 to 0.101 with an average value of 0.44 and 0.036 for radon and thoron respectively. Equilibrium factor for radon has found to be highest in winter season and lowest in summer season whereas for thoron highest value is observed in winter and rainy season and lowest in summer. Unattached fractions of radon and thoron have been found to vary from 0.022 to 0.205 and 0.013 to 0.212 with an average value of 0.099 and 0.071 respectively. Unattached fractions have found to be highest in winter season and lowest in rainy and summer season."
26548947,2016,The New phytologist,10.1111/nph.13706,Constrained growth flips the direction of optimal phenological responses among annual plants.,"Phenological changes among plants due to climate change are well documented, but often hard to interpret. In order to assess the adaptive value of observed changes, we study how annual plants with and without growth constraints should optimize their flowering time when productivity and season length changes. We consider growth constraints that depend on the plant's vegetative mass: self-shading, costs for nonphotosynthetic structural tissue and sibling competition. We derive the optimal flowering time from a dynamic energy allocation model using optimal control theory. We prove that an immediate switch (bang-bang control) from vegetative to reproductive growth is optimal with constrained growth and constant mortality. Increasing mean productivity, while keeping season length constant and growth unconstrained, delayed the optimal flowering time. When growth was constrained and productivity was relatively high, the optimal flowering time advanced instead. When the growth season was extended equally at both ends, the optimal flowering time was advanced under constrained growth and delayed under unconstrained growth. Our results suggests that growth constraints are key factors to consider when interpreting phenological flowering responses. It can help to explain phenological patterns along productivity gradients, and links empirical observations made on calendar scales with life-history theory."
26123719,2015,"Environmental pollution (Barking, Essex : 1987)",10.1016/j.envpol.2015.04.026,Influences of ambient air PM₂.₅ concentration and meteorological condition on the indoor PM₂.₅ concentrations in a residential apartment in Beijing using a new approach.,"PM2.5 concentrations in a typical residential apartment in Beijing and immediately outside of the building were measured simultaneously during heating and non-heating periods. The objective was to quantitatively explore the relationship between indoor and outdoor PM2.5 concentrations. A statistical method for predicting indoor PM2.5 concentrations was proposed. Ambient PM2.5 concentrations were strongly affected by meteorological conditions, especially wind directions. A bimodal distribution was identified during the heating season due to the frequent and rapid transition between severe pollution events and clean days. Indoor PM2.5 concentrations were significantly correlated with outdoor PM2.5 concentrations but with 1-2 h delay, and the differences can be explained by ambient meteorological features, such as temperature, humidity, and wind direction. These results indicate the potential to incorporate indoor exposure features to the regional air quality model framework and to more accurately estimate the epidemiological relationship between human mortality and air pollution exposure."
37103994,2023,JMIR public health and surveillance,10.2196/42820,Spatiotemporal and Seasonal Trends of Class A and B Notifiable Infectious Diseases in China: Retrospective Analysis.,"China is the most populous country globally and has made significant achievements in the control of infectious diseases over the last decades. The 2003 SARS epidemic triggered the initiation of the China Information System for Disease Control and Prevention (CISDCP). Since then, numerous studies have investigated the epidemiological features and trends of individual infectious diseases in China; however, few considered the changing spatiotemporal trends and seasonality of these infectious diseases over time. This study aims to systematically review the spatiotemporal trends and seasonal characteristics of class A and class B notifiable infectious diseases in China during 2005-2020. We extracted the incidence and mortality data of 8 types (27 diseases) of notifiable infectious diseases from the CISDCP. We used the Mann-Kendall and Sen's methods to investigate the diseases' temporal trends, Moran I statistic for their geographical distribution, and circular distribution analysis for their seasonality. Between January 2005 and December 2020, 51,028,733 incident cases and 261,851 attributable deaths were recorded. Pertussis (P=.03), dengue fever (P=.01), brucellosis (P=.001), scarlet fever (P=.02), AIDS (P<.001), syphilis (P<.001), hepatitis C (P<.001) and hepatitis E (P=.04) exhibited significant upward trends. Furthermore, measles (P<.001), bacillary and amebic dysentery (P<.001), malaria (P=.04), dengue fever (P=.006), brucellosis (P=.03), and tuberculosis (P=.003) exhibited significant seasonal patterns. We observed marked disease burden-related geographic disparities and heterogeneities. Notably, high-risk areas for various infectious diseases have remained relatively unchanged since 2005. In particular, hemorrhagic fever and brucellosis were largely concentrated in Northeast China; neonatal tetanus, typhoid and paratyphoid, Japanese encephalitis, leptospirosis, and AIDS in Southwest China; BAD in North China; schistosomiasis in Central China; anthrax, tuberculosis, and hepatitis A in Northwest China; rabies in South China; and gonorrhea in East China. However, the geographical distribution of syphilis, scarlet fever, and hepatitis E drifted from coastal to inland provinces during 2005-2020. The overall infectious disease burden in China is declining; however, hepatitis C and E, bacterial infections, and sexually transmitted infections continue to multiply, many of which have spread from coastal to inland provinces."
25034233,2014,Environmental monitoring and assessment,10.1007/s10661-014-3896-1,Ecological vulnerability: seasonal and spatial assessment of trace metals in soils and plants in the vicinity of a scrap metal recycling factory in Southwestern Nigeria.,"The concentrations of selected heavy metals in the soil and vegetation in the immediate vicinity of a metal scrap recycling factory were determined in the dry and wet seasons using the Atomic Absorption Spectrophotometer. The results showed that the soil pH in all the sites indicated slight acidity (from 5.07 to 6.13), high soil organic matter content (from 2.08 to 5.60 %), and a well-drained soil of sandy loam textural composition. Soil heavy metal content in the dry season were 0.84-3.12 mg/kg for Pb, 0.26-0.46 mg/kg for Cd, 9.19-24.70 mg/kg for Zn, and 1.46-1.97 mg/kg for Cu. These values were higher than those in the wet season which ranged from 0.62-0.69 mg/kg for Pb, 0.67-0.78 mg/kg for Cd, 0.84-1.00 mg/kg for Zn, and 1.26-1.45 mg/kg for Cu. Except for cadmium in the dry season, the highest concentrations occurred in the northern side of the factory for all the elements in both seasons. An increase in the concentrations of the elements up to 350 m in most directions was also observed. There was no specific pattern in the level of the metals in the leaves of the plant used for the study. However, slightly elevated values were observed in the wet season (Pb 0.53 mg/kg, Cd 0.59 mg/kg, Cu 0.88 mg/kg) compared with the dry season values (Pb 0.50 mg/kg, Cd 0.57 mg/kg, Cu 0.83 mg/kg). This study showed that the elevated concentrations of these metals might be associated with the activities from the recycling plant, providing the basis for heavy metal pollution monitoring and control of this locality that is primarily used for agricultural purposes."
32281005,2020,International journal of biometeorology,10.1007/s00484-020-01910-3,Seasonality and schizophrenia: a comprehensive overview of the seasonal pattern of hospital admissions and potential drivers.,"Schizophrenia is a severe neuropsychiatric disorder with heterogeneous aetiology mostly affecting younger people and causing immense disability. Seasonal patterns may be observed in schizophrenia hospital admissions with possible association with changing climatic parameters and socio-demographic characteristics. This study critically reviewed studies that have assessed seasonal variations of hospital admissions for schizophrenia and/or explored an association with climate parameters and/or other potential factors. Following PRISMA guidelines, a systematic literature search was conducted using electronic databases (e.g. MEDLINE, Science Direct, PsycINFO, Pub Med) from inception to February 29, 2020. Thirty five papers were identified, of which only six (17.1%) examined evidence for a seasonal pattern or monthly excess of hospital admissions and the remaining twenty nine (82.9%) assessed climatic and socio-demographic attributes relating to the seasonal pattern or increased hospitalisation for schizophrenia. While most studies reported a summer peak in hospital admission rates, other studies reported a winter peak. Most of the evidence indicated that higher temperatures (> 28 °C) were positively correlated with schizophrenia admission rates. The individual effects of other climatic parameters (e.g. relative humidity, rainfall, atmospheric pressure, sunlight) were less frequently assessed. Males, people of 21-60 years old, and those married were more vulnerable to climatic variability specifically to higher temperatures. Further studies using large sample sizes, analysis of a wide range of interacting environmental variables and sophisticated statistical approaches are needed to better understand the underlying mechanisms involved. This will also provide more reliable statistical evidence that will help in the prevention and better management of cases."
36849789,2023,Zoological research,10.24272/j.issn.2095-8137.2022.421,Stable seasonal migration patterns in giant pandas.,"A critical function of animal movement is to maximize access to essential resources in temporally fluctuating and spatially heterogeneous environments. Seasonally mediated resource fluctuations may influence animal movements, enabling them to track changing resource distributions, resulting in annual migration patterns. The conservation-dependent giant panda ( Ailuropoda melanoleuca) displays seasonal movement patterns; however, the key factor driving these seasonal migration patterns remains poorly understood. Here, we used GPS tracking collars to monitor the movements of six giant pandas over a 12-year period across different elevations, and performed statistical analysis of seasonal migration directions, routes, habitat revisitation, home range overlap, first arrival events, and stability. Our results revealed a compelling pattern of seasonal migrations that facilitated the ability of the pandas to forage at the appropriate time and place to maximize nutritional intake. Our results indicated that pandas utilize spatial memory to locate reliable food resources, as evidenced by their annual return to the same or similar winter and summer home ranges and the consistently maintained percentage of home range overlap. These novel insights into giant panda foraging and movement ecology not only enhance our understanding of its ability to adapt to nutritionally poor dietary resources but also provide important information for the development of resource utilization-based protection and management strategies."
23070464,2013,Journal of neurology,10.1007/s00415-012-6687-z,Seasonal and meteorological determinants of aneurysmal subarachnoid hemorrhage: a systematic review and meta-analysis.,"Many studies have assessed the relationships between seasonal or meteorological determinants and the occurrence of aneurysmal subarachnoid hemorrhage (SAH), but the data are conflicting. We systematically searched the literature and meta-analyzed data from all relevant articles when possible. We searched MEDLINE (1966-2011), EMBASE (1980-2011) and the Cochrane Library to identify all observational studies examining the relationship between seasonal and meteorological determinants (temperature, atmospheric pressure and relative humidity) and the occurrence of SAH. Two authors independently extracted data from articles that were included based on predefined criteria. We pooled relative risks (RR's) with corresponding 95 % confidence intervals (CI's) from the individual studies on season and month by means of the random effects method. We included 48 articles, totaling 72,694 patients. SAH occurred less often in summer than in winter (RR 0.89, 95 % CI 0.83-0.96), and was statistically significant more often in January than in the summer months of June-September. For atmospheric pressure seven of 17 studies found a significant association, six of 18 studies were significant for temperature, and three of 15 studies were significant for humidity, but the direction of these associations was conflicting and data on these determinants were too heterogeneous to pool. Seasons influence the occurrence of SAH, with SAH occurring less often in summer than in winter, and most often in January. The explanation for the seasonal differences remains uncertain, due to the lack of sound data on the influence of meteorological factors on SAH occurrence."
26239570,2015,Environmental monitoring and assessment,10.1007/s10661-015-4738-5,A multivariate statistical approach to identify the spatio-temporal variation of geochemical process in a hard rock aquifer.,"A study has been carried out in crystalline hard rock aquifers of Madurai district, Tamil Nadu, to identify the spatial and temporal variations and to understand sources responsible for hydrogeochemical processes in the region. Totally, 216 samples were collected for four seasons [premonsoon (PRM), southwest monsoon (SWM), northeast monsoon (NWM), and postmonsoon (POM)]. The Na and K ions are attributed from weathering of feldspars in charnockite and fissile hornblende gneiss. The results also indicate that monsoon leaches the U ions in the groundwater and later it is reflected in the (222)Rn levels also. The statistical relationship on the temporal data reflects the fact that Ca, Mg, Na, Cl, HCO3, and SO4 form the spinal species, which are the chief ions playing the significant role in the geochemistry of the region. The factor loadings of the temporal data reveal the fact that the predominant factor is anthropogenic process and followed by natural weathering and U dissolution. The spatial analysis of the temporal data reveals that weathering is prominent in the NW part and that of distribution of U and (222)Rn along the NE part of the study area. This is also reflected in the cluster analysis, and it is understood that lithology, land use pattern, lineaments, and groundwater flow direction determine the spatial variation of these ions with respect to season."
