{
  "n_train": 20,
  "n_candidates": 300,
  "best_model": "GaussianProcessRBF",
  "best_r2_test": -0.16293001174926758,
  "nroy_count": 222,
  "nroy_fraction": 0.74,
  "nroy_bounds": {
    "signaling_network.k_tgfr_smad": [
      0.42533281445503235,
      2.581751585006714
    ],
    "signaling_network.k_at1r_erk": [
      0.32745546102523804,
      2.074232816696167
    ],
    "signaling_network.d_smad": [
      0.03429611772298813,
      1.5657291412353516
    ],
    "signaling_network.d_erk": [
      0.04902520775794983,
      1.562291145324707
    ],
    "infarct.collagen_source": [
      0.0038986841682344675,
      0.056357160210609436
    ],
    "infarct.signal_source": [
      0.0396285206079483,
      0.5587027072906494
    ]
  }
}