{
  "n_samples": 10,
  "scenario_uncertainty": {
    "baseline_low_load_low_signal": {
      "c_mean_final": {
        "q05": 7.691390109062195,
        "q50": 7.904343366622925,
        "q95": 8.642228507995606
      },
      "p_mean_final": {
        "q05": 0.38593163043260575,
        "q50": 0.38593481481075287,
        "q95": 0.3859461545944214
      },
      "ac_align_x_final": {
        "q05": 0.9038994967937469,
        "q50": 0.9041003286838531,
        "q95": 0.9042245000600815
      }
    },
    "high_load_only": {
      "c_mean_final": {
        "q05": 8.39315357208252,
        "q50": 8.623128414154053,
        "q95": 9.465384101867675
      },
      "p_mean_final": {
        "q05": 0.41572523564100267,
        "q50": 0.41574619710445404,
        "q95": 0.4158151626586914
      },
      "ac_align_x_final": {
        "q05": 0.9126726895570755,
        "q50": 0.913736879825592,
        "q95": 0.914447084069252
      }
    },
    "high_signal_only": {
      "c_mean_final": {
        "q05": 9.965214824676513,
        "q50": 10.288027286529541,
        "q95": 11.383583927154541
      },
      "p_mean_final": {
        "q05": 0.5233254551887512,
        "q50": 0.5233281850814819,
        "q95": 0.5233376681804657
      },
      "ac_align_x_final": {
        "q05": 0.9014987200498581,
        "q50": 0.9016928672790527,
        "q95": 0.9018214553594589
      }
    },
    "high_load_high_signal": {
      "c_mean_final": {
        "q05": 10.111852312088013,
        "q50": 10.427452564239502,
        "q95": 11.556029415130615
      },
      "p_mean_final": {
        "q05": 0.5444785565137863,
        "q50": 0.5444969236850739,
        "q95": 0.5445573210716248
      },
      "ac_align_x_final": {
        "q05": 0.9107870936393738,
        "q50": 0.9118477702140808,
        "q95": 0.9125731706619262
      }
    },
    "infarct_high_load_high_signal": {
      "c_mean_final": {
        "q05": 10.091243267059326,
        "q50": 10.40452766418457,
        "q95": 11.528098917007446
      },
      "p_mean_final": {
        "q05": 0.5449764370918274,
        "q50": 0.5449930131435394,
        "q95": 0.5450484693050385
      },
      "ac_align_x_final": {
        "q05": 0.9117597669363022,
        "q50": 0.9128501117229462,
        "q95": 0.9137231558561325
      }
    }
  },
  "check_pass_probability": {
    "high_signal_only has higher profibrotic signal than baseline": 1.0,
    "high_signal_only has higher myofibroblast fraction than baseline": 1.0,
    "high_load_only increases fibre alignment vs baseline": 1.0,
    "high_load_high_signal yields highest collagen among non-infarct scenarios": 1.0,
    "infarct core collagen exceeds non-infarct high_load_high_signal global collagen": 1.0
  },
  "notes": [
    "Monte Carlo UQ over selected model parameters around calibrated baseline.",
    "q05/q50/q95 summarize uncertainty bands for key outcomes."
  ]
}